note_id,title,note_url,author,author_url,theme,fan_score,travel_score
689e0083000000001c007c1a,福井一点也不小，全是你成长的痕迹,https://www.rednote.com/search_result/689e0083000000001c007c1a?xsec_token=AB4h8VjAKBuQKaPFVGJM8w8RRzBNWkE0bOqTDGp_thAkI=&xsec_source=,Juunae 2025-08-14,https://www.rednote.com/user/profile/5b8137aa26cd5c00015c4c9a?channel_type=web_search_result_notes&parent_page_channel_type=web_profile_board&xsec_token=AB7b2xc0KVOlpnLB9nyGsAACA8fNL-V0ivNAO0o_8KoTc=&xsec_source=pc_search,ordinary,0,0
693b68ae000000001e00b726,带着成员们和曾经的同学擦肩是什么感觉🥺,https://www.rednote.com/search_result/693b68ae000000001e00b726?xsec_token=ABbricp_wwCzSZ1r4zL5htFUrOiGftkHmmYQ2nDHIjua0=&xsec_source=,吃顿饭再走 2025-12-12,https://www.rednote.com/user/profile/5db147b30000000001003fb5?channel_type=web_search_result_notes&parent_page_channel_type=web_profile_board&xsec_token=ABohzGZp4vJbUEw9Q9WK2uUOltWU2-Y2EJuh_xDkrie_o=&xsec_source=pc_search,ordinary,0,0
67dbd8be000000000e0069f1,关于前田陆的福井之旅攻略-2,https://www.rednote.com/search_result/67dbd8be000000000e0069f1?xsec_token=ABvQmvPZxj2th6y7HuUa9HyoGksh9JPatsL1XbwvFlqDk=&xsec_source=,CC741 2025-03-20,https://www.rednote.com/user/profile/60cc96720000000001009e87?channel_type=web_search_result_notes&parent_page_channel_type=web_profile_board&xsec_token=AB1gxM7OZhzi57SucYaRbFi9Y6oG5DUpuUrX3FSTqwd7U=&xsec_source=pc_search,travel,0,1
68ba8a9b000000001d0060f5,走Riku走过的道路…,https://www.rednote.com/search_result/68ba8a9b000000001d0060f5?xsec_token=ABwwS_ah4VT5tSWmMcb7IX1i8ga0f6Q1ueYaxh8sGWmRk=&xsec_source=,junnnnnn.__ 2025-09-05,https://www.rednote.com/user/profile/6687bfec0000000003032e91?channel_type=web_search_result_notes&parent_page_channel_type=web_profile_board&xsec_token=ABGcgsqyKfa3RNvUOXqbMbRIglH66XGVAo9QTHqUEx7AQ=&xsec_source=pc_search,fan,1,0
6a1451ad000000000702710b,露露妈请进！,https://www.rednote.com/search_result/6a1451ad000000000702710b?xsec_token=ABQyGD6SzgKHgSIxycaO9eR4ZzTQutZOSfALcxYNeiSdI=&xsec_source=,momo 05-25,https://www.rednote.com/user/profile/5a80368311be1053eccedc11?channel_type=web_search_result_notes&parent_page_channel_type=web_profile_board&xsec_token=ABtusw3MXBg2hToRAeU6lD7Fx8DJzwcSwb1vz_Q-yffRo=&xsec_source=pc_search,ordinary,0,0
69525f950000000021030486,谁再说我男神老家村…,https://www.rednote.com/search_result/69525f950000000021030486?xsec_token=ABT4hNWP6N3Lc-RgrLiES2ZAXlJDrUzpo8lRp-wk-FUW8=&xsec_source=,7白 2025-12-29,https://www.rednote.com/user/profile/5ba109db75668b00011718a8?channel_type=web_search_result_notes&parent_page_channel_type=web_profile_board&xsec_token=ABIzwKADoyhr-lwBnVLzxfv3-D25bhZL2C5EfH3qhvOiQ=&xsec_source=pc_search,ordinary,0,0
69eae6c80000000020013006,冬天的时候去了fukui,https://www.rednote.com/search_result/69eae6c80000000020013006?xsec_token=ABjTPOp88faQA55jfXncNW4xLLSm4PbcalYVNJu2_7Ezg=&xsec_source=,感觉我们两个话不投机半句多了 04-24,https://www.rednote.com/user/profile/691981dc0000000032026840?channel_type=web_search_result_notes&parent_page_channel_type=web_profile_board&xsec_token=ABWbidxZt6vrLYZ6EsTpScPB1xe9w-bPXfiZvzgnogY5s=&xsec_source=pc_search,ordinary,0,0
6804fc84000000001d01bf9c,福井最强穷鬼游攻略,https://www.rednote.com/search_result/6804fc84000000001d01bf9c?xsec_token=ABHwUvPzZU77aPdY2Qbl8bC_pcpeSDhD7ig4dcEL-7Noc=&xsec_source=,_ZZZyj 2025-04-20,https://www.rednote.com/user/profile/589038e450c4b45df5f6544f?channel_type=web_search_result_notes&parent_page_channel_type=web_profile_board&xsec_token=ABbP0xKL2DoAYcjHytzUYUDXEwbUzF-80vjzur5uDmXrE=&xsec_source=pc_search,travel,0,1
69f88d47000000003502a491,福井真的是一个不自驾就很难玩的地方,https://www.rednote.com/search_result/69f88d47000000003502a491?xsec_token=ABGPKW64cbL_KA1aX0BKreI-7vtk1H4aRYXcvesUlxJB0=&xsec_source=,不如回家放杨女士 05-04,https://www.rednote.com/user/profile/5c7334f5000000001202e805?channel_type=web_search_result_notes&parent_page_channel_type=web_profile_board&xsec_token=ABRGgQNqPLMpm3QrFbDaGg-9SWJSW1-khEmkI8FxYBeDs=&xsec_source=pc_search,ordinary,0,0
690dd9fc0000000005031d1a,我又来了，来还愿了。,https://www.rednote.com/search_result/690dd9fc0000000005031d1a?xsec_token=ABR1amihUzsS1yoHE5fB2zYhSu5DYD3FgJ5lOjnVrskUw=&xsec_source=,囧囧汉堡丸 2025-11-11,https://www.rednote.com/user/profile/5af656eee8ac2b4a38f58b49?channel_type=web_search_result_notes&parent_page_channel_type=web_profile_board&xsec_token=ABGlnInHVaiCuWe3n_7cbaljEFKPqvKCLS77gVgUwY1D8=&xsec_source=pc_search,ordinary,0,0
68ac3c66000000001b035dc6,福井两日特种兵极限旅游可以这么安排,https://www.rednote.com/search_result/68ac3c66000000001b035dc6?xsec_token=ABs5NOdbojcODLCWD5G6jRpsoXfDAHRDfL0s0Hbknescg=&xsec_source=,节能灯 2025-08-25,https://www.rednote.com/user/profile/5b291b0d11be10704cad8598?channel_type=web_search_result_notes&parent_page_channel_type=web_profile_board&xsec_token=ABjxdy14Q-_NVn0t4L0lc3ObECSXiMg0bSWBQNRbCjxHo=&xsec_source=pc_search,ordinary,0,0
68581b86000000000b01f0e9,记录了一段陸的上学路,https://www.rednote.com/search_result/68581b86000000000b01f0e9?xsec_token=ABfOHJMCgtwDdKRIZJAADvfbPPYP-5_WPPypIz_wyzwfo=&xsec_source=,试着记录一下☑ 2025-06-22,https://www.rednote.com/user/profile/5b740338c50bb30001857aca?channel_type=web_search_result_notes&parent_page_channel_type=web_profile_board&xsec_token=ABoim9Zz8kSollWHl892xGoHh-6PFlLj82Y9TWn_The-k=&xsec_source=pc_search,ordinary,0,0
67d92dd1000000000602b487,拖了一季度的福井一日vlog,https://www.rednote.com/search_result/67d92dd1000000000602b487?xsec_token=ABBUqLRszBgtoe3BgKYoyhYgM4CzvmmRX0Ceebkn3VKAE=&xsec_source=,CC741 2025-03-20,https://www.rednote.com/user/profile/60cc96720000000001009e87?channel_type=web_search_result_notes&parent_page_channel_type=web_profile_board&xsec_token=AB1gxM7OZhzi57SucYaRbFixS6HM_sbx_u47INL77eA8w=&xsec_source=pc_search,travel,0,1
68a495e0000000001c008a42,福井美食～前田陆推荐的炸猪排店,https://www.rednote.com/search_result/68a495e0000000001c008a42?xsec_token=ABeTRNCEH8x0-BZbV45tDbPXJK3SHbQpF1KZgWnKopKys=&xsec_source=,Kana楽 2025-08-20,https://www.rednote.com/user/profile/5e12d1f50000000001005734?channel_type=web_search_result_notes&parent_page_channel_type=web_profile_board&xsec_token=ABFKVXK548ETJuc694oajPTfr133Rsw9X128eTNi0KMMM=&xsec_source=pc_search,travel,0,2
6a165887000000000603580b,onri福井setlog,https://www.rednote.com/search_result/6a165887000000000603580b?xsec_token=ABXOEwRw8hrx2OYHigVNeceeLH9lIgrZLEGnjUXSwRkHs=&xsec_source=,在吃好的了_NAIT 05-27,https://www.rednote.com/user/profile/5a97ff6ae8ac2b34c3b45e8a?channel_type=web_search_result_notes&parent_page_channel_type=web_profile_board&xsec_token=AB4Ygd9ssH_d9KwVM9EnXehf8IrhziKNeE-C4nk4SkEXk=&xsec_source=pc_search,ordinary,0,0
6a2ac04e0000000022018b11,【RIKU前田陸2026杭州生咖公告】,https://www.rednote.com/search_result/6a2ac04e0000000022018b11?xsec_token=ABtMZRJ5K1TGclacgeOFy9fgcOc9cr5bclyhInwLZmGOY=&xsec_source=,姐妹你误会了 昨天 22:03,https://www.rednote.com/user/profile/5e217b420000000001000cd3?channel_type=web_search_result_notes&parent_page_channel_type=web_profile_board&xsec_token=ABegeLZssshB8oB3foyixUECJ6ocE-ukPldnz4jJEDaB0=&xsec_source=pc_search,fan,1,0
69512c21000000001e0159d5,跟着kuri tour玩福井🐈‍,https://www.rednote.com/search_result/69512c21000000001e0159d5?xsec_token=ABLQFFIiTs8400R-6s7nD4i6wKmj_b9tVVU4vT-0AXhjM=&xsec_source=,Nemo🐟 01-27,https://www.rednote.com/user/profile/5d273f8f000000001001a1c5?channel_type=web_search_result_notes&parent_page_channel_type=web_profile_board&xsec_token=ABzJTWXJA5bAxg4SOKdyp7gTR3VKLXOUgcbwZiEjGV8MM=&xsec_source=pc_search,ordinary,0,0
6968d587000000002102aa7a,riku妈妈给“买”的红薯片,https://www.rednote.com/search_result/6968d587000000002102aa7a?xsec_token=ABjdaPJCeniL4nyU7bdDNVORgLZ7_yYO7TrYNU7pUXPBA=&xsec_source=,Callme_Nancy 01-15,https://www.rednote.com/user/profile/62b5e09d000000001b02677f?channel_type=web_search_result_notes&parent_page_channel_type=web_profile_board&xsec_token=ABE6PdD7jpGuTSGfMq_xBnhTjuaVLtAforCSz7AHfreTA=&xsec_source=pc_search,fan,1,0
68c4198c000000001c005704,重回你的高中时代🍃,https://www.rednote.com/search_result/68c4198c000000001c005704?xsec_token=AB60tUU5RsJuHZk5hEjeJwujTx1Qk4Wx82hJXT4tmvR34=&xsec_source=,有枝71 2025-09-12,https://www.rednote.com/user/profile/5dc6357400000000010060c0?channel_type=web_search_result_notes&parent_page_channel_type=web_profile_board&xsec_token=AB-l-4J-El53pQ2rhODNzES-w_ni7RHKxhdh6xPauhYCQ=&xsec_source=pc_search,ordinary,0,0
68db6e030000000003038781,前田陸 你的青春也如此吗,https://www.rednote.com/search_result/68db6e030000000003038781?xsec_token=ABinLzPN92sEVP_njVgfLb2pvRCoKq5lQQMYedBnHaBKU=&xsec_source=,帮前田陸过 2025-09-30,https://www.rednote.com/user/profile/65688ae0000000001902fe33?channel_type=web_search_result_notes&parent_page_channel_type=web_profile_board&xsec_token=ABHkNQ4kw6u4rI-mINbNLdDi6WCP4cyBIe04pgmEx7qv8=&xsec_source=pc_search,ordinary,0,0
694a8af7000000001f00e00a,找到了yushi和riku学校的校服,https://www.rednote.com/search_result/694a8af7000000001f00e00a?xsec_token=ABx-x0l_8RtdpaCWyj53gyD3K_e80k8dkiaKtfT21VflE=&xsec_source=,for_yu 2025-12-23,https://www.rednote.com/user/profile/61fb8898000000000202545b?channel_type=web_search_result_notes&parent_page_channel_type=web_profile_board&xsec_token=ABHQ016EGRig5HquAzZKYEVzIed-FKy8seJv9eJw3T7f8=&xsec_source=pc_search,fan,1,0
681843e1000000002300ee34,老实的农村入罢了,https://www.rednote.com/search_result/681843e1000000002300ee34?xsec_token=ABZrRsfY_vhsWf5CWxIpV0886Ij9TZRSsZFgp1DSipSbo=&xsec_source=,可以睡觉ri 2025-05-05,https://www.rednote.com/user/profile/62f77a68000000001e01fae0?channel_type=web_search_result_notes&parent_page_channel_type=web_profile_board&xsec_token=ABGUCR3TjRdPJO1SFYey0MUInM2NBi6i5BuZ3oSbBa5vQ=&xsec_source=pc_search,ordinary,0,0
691075a400000000050382ff,那天在福井站的偶遇,https://www.rednote.com/search_result/691075a400000000050382ff?xsec_token=ABFjI3bvq40TH0TW-UYdLHk8O2N2RJI7kPxKqJfNHHG6A=&xsec_source=,绮拉曼 2025-11-09,https://www.rednote.com/user/profile/5e6f410800000000010037a8?channel_type=web_search_result_notes&parent_page_channel_type=web_profile_board&xsec_token=ABJskx_l38FBLuxlADhJS3NwNUVBIfgTypFbs5eo8uq6M=&xsec_source=pc_search,ordinary,0,0
693ad936000000001f005895,福井的骄傲,https://www.rednote.com/search_result/693ad936000000001f005895?xsec_token=AB32g92Tbk0o4L59B0CpCBW4GK7FRrgBuFAoadJajYGSc=&xsec_source=,Yuxin 2025-12-14,https://www.rednote.com/user/profile/6223064b0000000010005d70?channel_type=web_search_result_notes&parent_page_channel_type=web_profile_board&xsec_token=AB1LMufVPVGvt5KAKwhtQq0wMR55uSnvd7EsFGLC0CoaA=&xsec_source=pc_search,ordinary,0,0
69ff0b650000000013020400,就没有人感觉这个福井县知事很吓人吗,https://www.rednote.com/search_result/69ff0b650000000013020400?xsec_token=ABDBt5xB0qv2fBngoL7oypn9gF1S0OQ5KbzvlGd9CxkjE=&xsec_source=,li 05-09,https://www.rednote.com/user/profile/612b84b5000000000101dec5?channel_type=web_search_result_notes&parent_page_channel_type=web_profile_board&xsec_token=AB7SrKnbA3QxaC_jCQqfOaYn9GAzzzx2uMWOE9DSYG9yk=&xsec_source=pc_search,ordinary,0,0
686a9a91000000000d02766a,著名的福井麻薯 撒上糖粉就开吃😋,https://www.rednote.com/search_result/686a9a91000000000d02766a?xsec_token=ABNmdPGfPMGX-bMGLIOH0cvl71-TuzBszVo0fHruRgFC8=&xsec_source=,vvkittyii 2025-07-06,https://www.rednote.com/user/profile/5eadb6360000000001002c98?channel_type=web_search_result_notes&parent_page_channel_type=web_profile_board&xsec_token=ABobe3QiokuuNvgvjIC5fV5LMjFDxM2vCjHp3A4FIOfjA=&xsec_source=pc_search,ordinary,0,0
69143e9c000000001b026e60,我不讨厌石川了,https://www.rednote.com/search_result/69143e9c000000001b026e60?xsec_token=ABHokXVrOLWeFhFraExSmKOeK3FsuOvi98hqslEG354hg=&xsec_source=,gin1ppiki 2025-11-12,https://www.rednote.com/user/profile/5addcfcde8ac2b794cdb916f?channel_type=web_search_result_notes&parent_page_channel_type=web_profile_board&xsec_token=ABKZaDJBxlD-cOvc5uxB22_Sh57r_DAVSe8touevTDVbk=&xsec_source=pc_search,ordinary,0,0
69705924000000002200a51e,福井wish同款炸猪排必吃👍🏻,https://www.rednote.com/search_result/69705924000000002200a51e?xsec_token=ABUmOujMybOPukOI1_ffr1jpHUTmdtDT6xegNT7kORAqo=&xsec_source=,daily_with_jia 01-21,https://www.rednote.com/user/profile/58e2888550c4b473aef85628?channel_type=web_search_result_notes&parent_page_channel_type=web_profile_board&xsec_token=AB9RQfovi88BKhvjKGnt4D2VH_CAH2YulxnqmYfaYExiE=&xsec_source=pc_search,fan,3,0
677a0e920000000013009870,等你下课一起走好吗,https://www.rednote.com/search_result/677a0e920000000013009870?xsec_token=ABfi9b0oXzelKKiDP6fazzdMYft-KLq_g-U3lacM_aFec=&xsec_source=,Ennidd_ 2025-01-05,https://www.rednote.com/user/profile/6672c28b0000000003033c84?channel_type=web_search_result_notes&parent_page_channel_type=web_profile_board&xsec_token=ABE5Xpx42v_hQSBf5pYZmtSAPctSqsN9BBOaIYX90Qm_M=&xsec_source=pc_search,ordinary,0,0
690e1a460000000004007845,福井偶遇wish,https://www.rednote.com/search_result/690e1a460000000004007845?xsec_token=ABAvWseyhn_KZcDTlcZSOg1M0LmNmQaxRUxRuw5m8dtOk=&xsec_source=,szech1ng47 2025-11-08,https://www.rednote.com/user/profile/64e778f000000000010103a1?channel_type=web_search_result_notes&parent_page_channel_type=web_profile_board&xsec_token=AB4ZzP3Xx3ojnJi29e1p1UZ3EfuYz8HFUUbBvfTwn85uQ=&xsec_source=pc_search,fan,1,0
6779488b000000000900d13b,鬼子妈日巡vlog｜爱知｜福井,https://www.rednote.com/search_result/6779488b000000000900d13b?xsec_token=ABhTFxMRTKcNoLCGxtmApPA1cqbiXZxtmdknimiLdA4XU=&xsec_source=,欧巴得到 2025-01-04,https://www.rednote.com/user/profile/65cc7de2000000000401e509?channel_type=web_search_result_notes&parent_page_channel_type=web_profile_board&xsec_token=AB92gkAvSgdgkGEFlP3683bKhdEnJguoriFG6Q5Mzew8U=&xsec_source=pc_search,travel,0,1
69690ea50000000022030f40,我有福井病,https://www.rednote.com/search_result/69690ea50000000022030f40?xsec_token=ABuT3aFy4A7TwmC4fwo8h1wK4aGmpDWqkTmmSgysu8F9k=&xsec_source=,Ruiouun 01-15,https://www.rednote.com/user/profile/66f74776000000001d032b4f?channel_type=web_search_result_notes&parent_page_channel_type=web_profile_board&xsec_token=ABJS-IQtF2edpw6vg5OvDqS3EHwXhh1k7cdWgFSSpUXyM=&xsec_source=pc_search,ordinary,0,0
685ea846000000001203f9d6,来看riku推荐的福井的海了😭,https://www.rednote.com/search_result/685ea846000000001203f9d6?xsec_token=ABNqcIL3lhBQvvFF2C4VCK2rv0yluz3GWfQnCou5hyidA=&xsec_source=,哦哦哦 2025-06-27,https://www.rednote.com/user/profile/5bd6f5be14c3f50001b8c92e?channel_type=web_search_result_notes&parent_page_channel_type=web_profile_board&xsec_token=ABHT_s0ily2G7nPJbU0qJJOKXUOtRbnDQeUPyZlcxuyyM=&xsec_source=pc_search,fan,1,1
68845fdb00000000170327e0,前田陸我懂你了 东寻坊太美了,https://www.rednote.com/search_result/68845fdb00000000170327e0?xsec_token=ABFwGQQTOXAp0B5G0OZueJn82qq6ChLgUgoWYBqrIG-K0=&xsec_source=,Duoyuuu 2025-07-26,https://www.rednote.com/user/profile/5bd56d3f3a8a5b00015c0095?channel_type=web_search_result_notes&parent_page_channel_type=web_profile_board&xsec_token=AB7RAulf8_mjTRU7UKYm2RCHJrIG0BSV-DHvx2vEiaHPk=&xsec_source=pc_search,travel,0,1
693ad083000000000d03519b,福井到底多小，走在路上就能碰见同学的程度,https://www.rednote.com/search_result/693ad083000000000d03519b?xsec_token=AB32g92Tbk0o4L59B0CpCBWzGiJijLJtIivODrMf31EM4=&xsec_source=,苦瓜烧鱼 2025-12-11,https://www.rednote.com/user/profile/62d21902000000000303c325?channel_type=web_search_result_notes&parent_page_channel_type=web_profile_board&xsec_token=AB3B_djzGzeDTRO9R9cyNJNjsqmrtPlDDWRq52bSLAod0=&xsec_source=pc_search,ordinary,0,0
68ee5bc5000000000302c6c7,日本行政区划地图,https://www.rednote.com/search_result/68ee5bc5000000000302c6c7?xsec_token=ABKClu9sD1hHDUzUAeMjvY4K82R2g9tminrt6io_ZwAQ0=&xsec_source=,珊珊旅行笔记（全球篇） 2025-10-14,https://www.rednote.com/user/profile/5efd249a0000000001001cd4?channel_type=web_search_result_notes&parent_page_channel_type=web_profile_board&xsec_token=AB3gIPOwsVZWEf91bXraumGgF3GnluQ1vjjQK3z73Xgp8=&xsec_source=pc_search,ordinary,0,0
681dec5300000000220040a0,🌺福井·西山公园-梦幻的杜鹃花海,https://www.rednote.com/search_result/681dec5300000000220040a0?xsec_token=ABngPaC3FN1DRFRYODEzAMzkN85PSi6yEvZK0VeytdLVw=&xsec_source=,日本旅游 2025-05-09,https://www.rednote.com/user/profile/645b2434000000001401349f?channel_type=web_search_result_notes&parent_page_channel_type=web_profile_board&xsec_token=ABk3kQ_D5iAK-YmKgPbNajfILwYMRyRMxKg-pX5eVcaLw=&xsec_source=pc_search,ordinary,0,0
6860a1270000000010027ede,福井的哈姆太郎御守,https://www.rednote.com/search_result/6860a1270000000010027ede?xsec_token=ABdp921E2HwIpObRMlhE5wA8NJje4ub_wT79RpiZzwoK8=&xsec_source=,还未走出亚热带季风气候 2025-06-29,https://www.rednote.com/user/profile/5fdcb3f20000000001006136?channel_type=web_search_result_notes&parent_page_channel_type=web_profile_board&xsec_token=ABErb6BSVC8KMk8GiFMH5L8dWWY5WtyNjUjnPH0XEC6Dg=&xsec_source=pc_search,ordinary,0,0
6a11ee49000000003701dfab,福井二三事,https://www.rednote.com/search_result/6a11ee49000000003701dfab?xsec_token=AB0WdS0fXQnpQO_dNbHEgvLExxWQQVEljihBeBYRMUy8Y=&xsec_source=,ko_kono짱 05-24,https://www.rednote.com/user/profile/5e185cb30000000001009b61?channel_type=web_search_result_notes&parent_page_channel_type=web_profile_board&xsec_token=ABf6bODSvkwi5kvY56KLjRq1OyzxaORdC4lRJh8McZgng=&xsec_source=pc_search,ordinary,0,0
68f0f9380000000007008da7,日本小众旅游-长周末福井之旅 Day 1,https://www.rednote.com/search_result/68f0f9380000000007008da7?xsec_token=ABdfbEID0pc4dC6qLzx4JeKhC8RYNCievkmYRH9D-wS64=&xsec_source=,格雷森在日本 2025-10-16,https://www.rednote.com/user/profile/5b819eab120ac20001497363?channel_type=web_search_result_notes&parent_page_channel_type=web_profile_board&xsec_token=ABsRzUb8v5NU4es623Gh4p2Y7sW4snNKFSQNjvclNDPLs=&xsec_source=pc_search,travel,0,1
68de964a0000000007030bb1,18圖 打開福井山海勝景⛰️,https://www.rednote.com/search_result/68de964a0000000007030bb1?xsec_token=AB5RiaJVUULI0HG3bn5l4n6xR9mhS6knv9y9HdI3dTSzw=&xsec_source=,安寶在日本尋山 2025-10-03,https://www.rednote.com/user/profile/651df0f30000000023027247?channel_type=web_search_result_notes&parent_page_channel_type=web_profile_board&xsec_token=ABAaq9WzreftiVUrisX6eU7PYcdWpQTMI00DbWFAaD5SM=&xsec_source=pc_search,ordinary,0,0
6a12c7940000000013020400,关于我的KURI TOUR(ˆ◝ ·̫ ◜ˆ),https://www.rednote.com/search_result/6a12c7940000000013020400?xsec_token=AB7OGFW2ZPENONiEPAZnm8_IwOb31VpaKlwo7WgRnfwqc=&xsec_source=,早安午安晚安 06-06,https://www.rednote.com/user/profile/604391a30000000001005efc?channel_type=web_search_result_notes&parent_page_channel_type=web_profile_board&xsec_token=ABnej1RMXXvBx7m1VChxf4HT9VuZHaLohlkzn5wCJF8R4=&xsec_source=pc_search,ordinary,0,0
6a0efc5c0000000035027905,日本福井,https://www.rednote.com/search_result/6a0efc5c0000000035027905?xsec_token=ABH9TFexdyQEz6cPPFzGQvy21vMgY5JB6cgzSbzZntbsA=&xsec_source=,一润 05-21,https://www.rednote.com/user/profile/5e1ea6c60000000001008cc9?channel_type=web_search_result_notes&parent_page_channel_type=web_profile_board&xsec_token=AB0Tmirp4t9xelBJbK9zjlHEuVLFjPHhGXUHXnQub0xuk=&xsec_source=pc_search,ordinary,0,0
694fb31d000000001d03951b,福井｜nct wish 一起来到了riku的家乡🦖,https://www.rednote.com/search_result/694fb31d000000001d03951b?xsec_token=AB3Nj4V8rAwAEmlBH65vNSSIZUXxRzuXdUk4Z7KN3TSUM=&xsec_source=,吃好吃的就快乐 2025-12-27,https://www.rednote.com/user/profile/60d6ce3c0000000020027dae?channel_type=web_search_result_notes&parent_page_channel_type=web_profile_board&xsec_token=ABODsqH_DIpBdTRn2447IausLSAXRAJ8wo4o068G9t1Io=&xsec_source=pc_search,fan,4,0
690dfcf60000000003022787,福井偶遇wish,https://www.rednote.com/search_result/690dfcf60000000003022787?xsec_token=ABR1amihUzsS1yoHE5fB2zYlelrOSauQycHjcq1MyVyq8=&xsec_source=,OO 2025-12-22,https://www.rednote.com/user/profile/5bdc5540507646000105cf3f?channel_type=web_search_result_notes&parent_page_channel_type=web_profile_board&xsec_token=AB37g1gSpbe621CkWjexZPPE2Yr_nO8dlpziMahnu5-Bk=&xsec_source=pc_search,fan,1,0
68a2f88f000000001d01643c,迄今为止，日本旅行我最喜欢的小城出现了…,https://www.rednote.com/search_result/68a2f88f000000001d01643c?xsec_token=ABUKMd6ghYFKAJ8s5DvZBavDGgaXb6Vilb4XFBg5KfHXU=&xsec_source=,一朵朴 2025-12-06,https://www.rednote.com/user/profile/55630f9f62a60c317ce0492f?channel_type=web_search_result_notes&parent_page_channel_type=web_profile_board&xsec_token=ABrt_83a9Ma_AsT2PqtkYNVn0AtHWyuFFu-Ikt5RZW45M=&xsec_source=pc_search,ordinary,0,0
690f11740000000007031b4d,跟朋友说你没上过高中就好了的话都是骗人的,https://www.rednote.com/search_result/690f11740000000007031b4d?xsec_token=ABS3h45pJ8tla1mKKdhQI1blABHgmCbqa8E9H27rlBkwY=&xsec_source=,4YUuUME 2025-11-08,https://www.rednote.com/user/profile/62d3e240000000000e00f670?channel_type=web_search_result_notes&parent_page_channel_type=web_profile_board&xsec_token=ABKyhr1zhF7gPTNFJxcJQhUJtSdOLsL6TCoCMtnfJB6Fg=&xsec_source=pc_search,ordinary,0,0
6a197d2c0000000035022ca7,招募员工ing（已找到）,https://www.rednote.com/search_result/6a197d2c0000000035022ca7?xsec_token=AB1pCRuCOO6ihZUxjD4ukQtOPN23PQm5Qw2_Wi2YMv39U=&xsec_source=,11eo_yang 05-30,https://www.rednote.com/user/profile/5f322ea8000000000100239a?channel_type=web_search_result_notes&parent_page_channel_type=web_profile_board&xsec_token=ABV0hTj8qeXFZOVLWK9dCQxN210q307tYyGxbF5ImvYm8=&xsec_source=pc_search,ordinary,0,0
693aa4a2000000001e00cf05,福井小导游向我们走来🐿️,https://www.rednote.com/search_result/693aa4a2000000001e00cf05?xsec_token=AB32g92Tbk0o4L59B0CpCBW1VwAVXZM-ZOQyNSJeMWn88=&xsec_source=,小羊咩乜乜 2025-12-11,https://www.rednote.com/user/profile/5ac6e93911be10017990c6f1?channel_type=web_search_result_notes&parent_page_channel_type=web_profile_board&xsec_token=ABI45NJtiPa6zPnMizRD77dsu-xEOJVRx42UkQBXyae2o=&xsec_source=pc_search,ordinary,0,0
68e32825000000000700fdd2,日本关西的福井，20251004,https://www.rednote.com/search_result/68e32825000000000700fdd2?xsec_token=AB8jCLy3B0IO63bKSErAV_QOvFH8OmbZk87oAr7tTFZGA=&xsec_source=,低烧 2025-10-06,https://www.rednote.com/user/profile/5c80e27d000000001200b5d9?channel_type=web_search_result_notes&parent_page_channel_type=web_profile_board&xsec_token=ABJlnG6lsGDFiFj1qybO2wlC_Y-9z5NzoL1pdm0gldtGo=&xsec_source=pc_search,ordinary,0,0
6a1c7189000000000702bef5,大娃开箱｜给来自福井和东京的宝贝过六一,https://www.rednote.com/search_result/6a1c7189000000000702bef5?xsec_token=ABPOeAXiCwT2CSLn7Lla6DkGwTcVBr1ZyCXPQaNybJ-Jo=&xsec_source=,imzzzL 06-01,https://www.rednote.com/user/profile/5d34f6720000000012032e22?channel_type=web_search_result_notes&parent_page_channel_type=web_profile_board&xsec_token=ABxJ6OtznCfvutj4KVSdimekoAf8GGCoadqMm3gl2gGIs=&xsec_source=pc_search,ordinary,0,0
69cb2595000000002202706e,求解码哪个日本女豆,https://www.rednote.com/search_result/69cb2595000000002202706e?xsec_token=ABCKK5QxjKeEmGXN23ybti0_bZ5H9W5MEQ557_xtHbFxY=&xsec_source=,果味欣 04-01,https://www.rednote.com/user/profile/644fbf5c000000002901638d?channel_type=web_search_result_notes&parent_page_channel_type=web_profile_board&xsec_token=ABNehvDUHFrbCidelVJ3LJdW3xefZZe1EEENAJbqel6VU=&xsec_source=pc_search,ordinary,0,0
69b4be47000000001a030615,在喜欢上你的季节来看你出生的地方,https://www.rednote.com/search_result/69b4be47000000001a030615?xsec_token=ABSpQxMASuPwvEmGEoGccRr7j6OxfjP9eKxiJYwfMLtcc=&xsec_source=,yy 03-14,https://www.rednote.com/user/profile/5e144c6d0000000001004f28?channel_type=web_search_result_notes&parent_page_channel_type=web_profile_board&xsec_token=ABJGoArM2NF9EHep-bbq9Yq1rHm9PHCvcMiBu5UuiEDZI=&xsec_source=pc_search,ordinary,0,0
693aa4b20000000019026b9c,wish的福井游记,https://www.rednote.com/search_result/693aa4b20000000019026b9c?xsec_token=AB32g92Tbk0o4L59B0CpCBWxlDH6wnzTgDG2CJQJsLH4Y=&xsec_source=,纸想睡觉- 2025-12-11,https://www.rednote.com/user/profile/62c7fcbf000000000e00e599?channel_type=web_search_result_notes&parent_page_channel_type=web_profile_board&xsec_token=ABpQRjtYoZO-V04NvLiC3E0kxxnx2zOA49Fjy-xwLgo2Y=&xsec_source=pc_search,fan,1,1
687206ea0000000022033cbc,福井把妹王,https://www.rednote.com/search_result/687206ea0000000022033cbc?xsec_token=ABzR1S15TtM10vSUvInoeho-h_BHIIBcMP84ctFKSUMeM=&xsec_source=,重生那晚居然成为了男宝妈 2025-07-12,https://www.rednote.com/user/profile/5b72d5f2a0f37f00019f9c2e?channel_type=web_search_result_notes&parent_page_channel_type=web_profile_board&xsec_token=ABrmTAtgP2tXYGUuw9MMpNbVlqm1DJeh6-9EMdr67OxqM=&xsec_source=pc_search,ordinary,0,0
69f9eb61000000001f0056bf,北陸地区 福井県三方五湖,https://www.rednote.com/search_result/69f9eb61000000001f0056bf?xsec_token=AB4iKcuW3KtwZhRNUcRBcRuwGarTKZ928emb_PEdFUtRE=&xsec_source=,上木 成樹 05-05,https://www.rednote.com/user/profile/5ef43305000000000101ef25?channel_type=web_search_result_notes&parent_page_channel_type=web_profile_board&xsec_token=AB42Egc8kBgWp1kULiksEYyp_YhsVpq1V9529VOLUcEa4=&xsec_source=pc_search,ordinary,0,0
6a2b844f00000000060214d1,🐈‍⬛【RIKU前田陸2026年成都生咖公告】,https://www.rednote.com/search_result/6a2b844f00000000060214d1?xsec_token=ABJtj4uiNsm7uwlFj4mJ5WorOp9PBI-ln31j5j5Y5eGbo=&xsec_source=,iiieanuR 3小时前,https://www.rednote.com/user/profile/623034530000000021020c6b?channel_type=web_search_result_notes&parent_page_channel_type=web_profile_board&xsec_token=ABQh0vMTci8DJCxiDjfvCA9Gm-LPGSNqCGn8hw-9FgKNI=&xsec_source=pc_search,fan,1,0
681f2baf0000000021019959,Vlog：🏃‍♀️日本独自旅行日记（上）,https://www.rednote.com/search_result/681f2baf0000000021019959?xsec_token=ABbR7JUhwluEv5Bm3HL_iyM-P3L6JdWmUQ6gpLI7jz4CA=&xsec_source=,定期充充电 2025-05-10,https://www.rednote.com/user/profile/5a8b095e4eacab74677f1da7?channel_type=web_search_result_notes&parent_page_channel_type=web_profile_board&xsec_token=ABDyXbvta3OW5ExGvdNnG-j7N7yUHt5yoQTWzHYe8dKs0=&xsec_source=pc_search,travel,0,1
68d65a60000000001302afa3,“vlog🦌福冈旅行日记˶ᵒ ᵕ ˂˶ ”,https://www.rednote.com/search_result/68d65a60000000001302afa3?xsec_token=AB0gq1VwWNT6wUHMwQWar5tpjQx419tag01KM44r78rqo=&xsec_source=,信君粥 2025-09-26,https://www.rednote.com/user/profile/5acb428e11be1078d81fd5b3?channel_type=web_search_result_notes&parent_page_channel_type=web_profile_board&xsec_token=ABs1Y_DXSAgh239Qjk3xSgrTzPt22E8elRHF44FTQBdzw=&xsec_source=pc_search,travel,0,1
68b1aa04000000001c013642,福井一日游特种兵规划分享,https://www.rednote.com/search_result/68b1aa04000000001c013642?xsec_token=AB3cFGkZf1tNKeAypkkZeOIiGnCw8BISCrzGmmRVxSAF8=&xsec_source=,MarKhan_🐟🐟 2025-08-29,https://www.rednote.com/user/profile/614fabb7000000000201d15b?channel_type=web_search_result_notes&parent_page_channel_type=web_profile_board&xsec_token=ABQDWSiPu5uqHvAw0JmvCKqD3ZD9UP7kynakfiKVCyw4k=&xsec_source=pc_search,travel,0,1
68f21df5000000000700a380,为了这1️⃣5️⃣个地方，我特地飞了趟福井🇯🇵,https://www.rednote.com/search_result/68f21df5000000000700a380?xsec_token=ABNnYYSOg7Sv6JCUDTwoR3b7JonSTn4NIF3b4wi8E6knk=&xsec_source=,Q桑 2025-10-17,https://www.rednote.com/user/profile/5a24e3fe4eacab5ff192c562?channel_type=web_search_result_notes&parent_page_channel_type=web_profile_board&xsec_token=AB4j1ZOWxhEOHfsfmBVtXZrMYX_aX0L490tbU7gQrLuu8=&xsec_source=pc_search,ordinary,0,0
6892c03a000000002302543e,福井一日游 攻略2️⃣ (按照本人时间顺序),https://www.rednote.com/search_result/6892c03a000000002302543e?xsec_token=AB9slEPIVcBoqAoZGwmbq8LCPK9qrQtKzBYc5zcfl19OM=&xsec_source=,vvLuuu 2025-08-06,https://www.rednote.com/user/profile/5a9a14834eacab3b91a8b66c?channel_type=web_search_result_notes&parent_page_channel_type=web_profile_board&xsec_token=AB4WcB9vjl-vNXcOXaa6FHuSBos7Q1SAhIEH7gRMId9V0=&xsec_source=pc_search,travel,0,2
683c02cf000000000c03be80,北陆福井日本自由行宝藏之地景点大全（上）,https://www.rednote.com/search_result/683c02cf000000000c03be80?xsec_token=ABz28NF_TE6EJDXjFNtIXdZoecxk7rEbiTUsfKHZ2aEpQ=&xsec_source=,熊猫阿痴弟 2025-06-18,https://www.rednote.com/user/profile/6016bee5000000000101daa5?channel_type=web_search_result_notes&parent_page_channel_type=web_profile_board&xsec_token=ABgYI9x85eCgVzNHAymewLlpeS8mpOeABAuel-6IuRPjk=&xsec_source=pc_search,travel,0,1
67fa8155000000001b027f8f,🇯🇵北陆｜一个人去福井县看恐龙啦🦖,https://www.rednote.com/search_result/67fa8155000000001b027f8f?xsec_token=ABYB8aOwv_YbwUpE0sILl3soTsmhJ_95KnF9no1QBOwxw=&xsec_source=,不可爱KK 2025-04-13,https://www.rednote.com/user/profile/63f84ee8000000001001c4af?channel_type=web_search_result_notes&parent_page_channel_type=web_profile_board&xsec_token=ABeEv01t0r-rZXIBBmTXo6D20tsw8-QHNA1dVdDGHS2rM=&xsec_source=pc_search,ordinary,0,0
67b736f000000000280352ed,福井县🇯🇵三方五湖➡️恐龙博物馆➡️越前蟹,https://www.rednote.com/search_result/67b736f000000000280352ed?xsec_token=ABdA6PdaJwteKNoUi4wOVveJ7ioBpX5iL4On0V0HEunRg=&xsec_source=,小王今天去哪玩儿.🎀 2025-03-09,https://www.rednote.com/user/profile/5387500bb4c4d649e0493c80?channel_type=web_search_result_notes&parent_page_channel_type=web_profile_board&xsec_token=ABF9Sz7rssOCd2j_-whSty_L0meJz1iWCm7t-N0mlwsFM=&xsec_source=pc_search,ordinary,0,0
68dce1d70000000004007a01,福井巡礼攻略｜就这样一点点靠近幸福,https://www.rednote.com/search_result/68dce1d70000000004007a01?xsec_token=ABkfB2EM7gOT89GKXO6fj_YqWJcNUcIr9U9nhk6YIjtfs=&xsec_source=,TA 2025-11-07,https://www.rednote.com/user/profile/5f394f11000000000101f8a4?channel_type=web_search_result_notes&parent_page_channel_type=web_profile_board&xsec_token=AB820gofnRqNw-jUTxHJL_IJs6uWkLF6ScKPU4dO5H1sI=&xsec_source=pc_search,fan,1,1
69607ba9000000001a01d24b,福井での思い出˚｡⋆୨୧˚☁️🪽,https://www.rednote.com/search_result/69607ba9000000001a01d24b?xsec_token=ABuQIfI_Bd0Z6_6QoyggB0gt_06IKYtY9BTgxY4Vze_qo=&xsec_source=,雨水的味道是什么 01-09,https://www.rednote.com/user/profile/5c960f87000000001003ee3f?channel_type=web_search_result_notes&parent_page_channel_type=web_profile_board&xsec_token=ABDlHrq6aj4M1d4zK-BKNmSP8MNuqR55j2V0MCM7ZwX2g=&xsec_source=pc_search,ordinary,0,0
68a49d47000000001d012962,陆酱tour in 福井🫧🎐,https://www.rednote.com/search_result/68a49d47000000001d012962?xsec_token=ABeTRNCEH8x0-BZbV45tDbPXZ3l78yzUGey4RgcUuvIVM=&xsec_source=,烘烤曲奇饼 2025-08-24,https://www.rednote.com/user/profile/61908fbf000000001000fa4e?channel_type=web_search_result_notes&parent_page_channel_type=web_profile_board&xsec_token=ABrT4xKCSKr9z4w0jGLc0Xk8vxlRZtv2NKsjVfjrDRdOY=&xsec_source=pc_search,ordinary,0,0
69e066c20000000023020190,排球？欢迎来到我的领域,https://www.rednote.com/search_result/69e066c20000000023020190?xsec_token=ABmlCQE8Pvw17pe1EUGghav3DxPa0vdPUHrddOMKf_iqQ=&xsec_source=,vvkittyii 04-16,https://www.rednote.com/user/profile/5eadb6360000000001002c98?channel_type=web_search_result_notes&parent_page_channel_type=web_profile_board&xsec_token=ABobe3QiokuuNvgvjIC5fV5LMjFDxM2vCjHp3A4FIOfjA=&xsec_source=pc_search,ordinary,0,0
6a228c9b000000000702fa76,全宇宙最适合黑猫塑的男人来了,https://www.rednote.com/search_result/6a228c9b000000000702fa76?xsec_token=ABzsU8SiDqTwmJppHqWTwN1tc1aIkR5hsPIKHlmJdLJMw=&xsec_source=,wonsokute 6天前,https://www.rednote.com/user/profile/663ce55f0000000007004a45?channel_type=web_search_result_notes&parent_page_channel_type=web_profile_board&xsec_token=ABZjcNvweTPvkzVDFmWwP6tFbmtIdvPLpopr21fD5UABA=&xsec_source=pc_search,ordinary,0,0
67051c1e000000002c016d9b,老哥给我吓得说韩文,https://www.rednote.com/search_result/67051c1e000000002c016d9b?xsec_token=ABssYnxGSuOKLLpPTVXwCPgQf7Rl5qsrDHhEOvMpWx6eA=&xsec_source=,M1yaaa 2024-10-08,https://www.rednote.com/user/profile/58592d436a6a69190d5d7e11?channel_type=web_search_result_notes&parent_page_channel_type=web_profile_board&xsec_token=ABgsgOkrso9gRhKZrxb7nR9bwYXuhfVEIuH_a160wUiTU=&xsec_source=pc_search,ordinary,0,0
6a1b06a6000000003503106a,可曾见过如此高需求的小猫🥺,https://www.rednote.com/search_result/6a1b06a6000000003503106a?xsec_token=ABSB63NuX7viNH6Fm34_P5YnN9EcTP7lNNmydstOjusSs=&xsec_source=,vvkittyii 05-30,https://www.rednote.com/user/profile/5eadb6360000000001002c98?channel_type=web_search_result_notes&parent_page_channel_type=web_profile_board&xsec_token=ABobe3QiokuuNvgvjIC5fV5LMjFDxM2vCjHp3A4FIOfjA=&xsec_source=pc_search,ordinary,0,0
69220bcc000000001b022279,怎么比女孩子还要可爱？,https://www.rednote.com/search_result/69220bcc000000001b022279?xsec_token=AB_okZ6Hqt8ZEGwzthaPMG70PsCrDTOeM4fvpgbbCOWS0=&xsec_source=,파파야 2025-11-23,https://www.rednote.com/user/profile/66d9d0ca000000001d0310e0?channel_type=web_search_result_notes&parent_page_channel_type=web_profile_board&xsec_token=ABF1hr5i1N4YK1uyAScNOoqPCUUC8huXO0b7FZ8eOWHJU=&xsec_source=pc_search,ordinary,0,0
69ee12500000000035026163,越想越好笑,https://www.rednote.com/search_result/69ee12500000000035026163?xsec_token=ABZREzh0LxCqnybaYkbT1lFYmvY7UfKxTbPLx9MPfej4s=&xsec_source=,想一只宝 04-28,https://www.rednote.com/user/profile/6457a12d0000000029013898?channel_type=web_search_result_notes&parent_page_channel_type=web_profile_board&xsec_token=AB875loMOI_eYPKCbc_8P2aiQ0CtclqldqUd8v0OQTjYk=&xsec_source=pc_search,ordinary,0,0
67aff79b000000002602dab4,和riku一起度过早晨…,https://www.rednote.com/search_result/67aff79b000000002602dab4?xsec_token=ABjZYnkG2BIVUSrL-FlLEg3Ez-No0Vfmi52DyKgS7LvKY=&xsec_source=,vvkittyii 2025-02-15,https://www.rednote.com/user/profile/5eadb6360000000001002c98?channel_type=web_search_result_notes&parent_page_channel_type=web_profile_board&xsec_token=ABobe3QiokuuNvgvjIC5fV5LMjFDxM2vCjHp3A4FIOfjA=&xsec_source=pc_search,fan,1,0
6a0d95df000000001002d000,riku的爱意表达真的很sticky诶,https://www.rednote.com/search_result/6a0d95df000000001002d000?xsec_token=ABn4PYgzo0NDIGMC19Ee6n6btnaYkCcW1Fq1MHGP5QUL8=&xsec_source=,おいしいパン🥐 05-20,https://www.rednote.com/user/profile/697cbe14000000002603bff5?channel_type=web_search_result_notes&parent_page_channel_type=web_profile_board&xsec_token=ABwM0l-49toSqirhdLq4hFQVfLVJfZB7bEFFF0ynoVsRw=&xsec_source=pc_search,fan,1,0
697ae3a8000000002800a481,两个人干什么呢？！,https://www.rednote.com/search_result/697ae3a8000000002800a481?xsec_token=ABZr5RIjuVNGXFcr0lGffgwqORvogOvjpJ6nHgdrJt3pY=&xsec_source=,miwon 01-29,https://www.rednote.com/user/profile/5f16d1ea0000000001000f67?channel_type=web_search_result_notes&parent_page_channel_type=web_profile_board&xsec_token=ABtiRhR_lfladM3mHcuBcHqB8qoYSLIxxn4G2TkilSPas=&xsec_source=pc_search,ordinary,0,0
6808d420000000001c02b5f8,出道前的riku—典型日本男,https://www.rednote.com/search_result/6808d420000000001c02b5f8?xsec_token=ABnVLuqQg1JxQPMdjTue6E3gjhpCezcOSdAhsJcML4G2U=&xsec_source=,🐰 2025-04-23,https://www.rednote.com/user/profile/60fe2368000000000101e4a9?channel_type=web_search_result_notes&parent_page_channel_type=web_profile_board&xsec_token=AByeNxTZ9stpbvQ_-E-K_ppRkOHz8wfl89UUfDFrJfY6U=&xsec_source=pc_search,fan,1,0
6a0776c7000000000702b8e7,理由温度差,https://www.rednote.com/search_result/6a0776c7000000000702b8e7?xsec_token=ABvDbpLkbU3OCicQLPqc9sNb3n3ciycYE1G7i3xjSNQDA=&xsec_source=,刘波一 05-16,https://www.rednote.com/user/profile/5c580851000000001b029192?channel_type=web_search_result_notes&parent_page_channel_type=web_profile_board&xsec_token=ABsSyIfisf1pQyhn4cIw2O6xhpqVEDxAAj8RNHyTO_2UM=&xsec_source=pc_search,ordinary,0,0
6a1eda5d0000000022008d0c,所有人欣赏riku的腰…❤️‍🔥,https://www.rednote.com/search_result/6a1eda5d0000000022008d0c?xsec_token=ABEdexJ47DSymQgLkhVY44DKyk8Qq7RER-mtvnnQYbgKA=&xsec_source=,occ3sc316o 06-02,https://www.rednote.com/user/profile/5b8555992431c8000152429a?channel_type=web_search_result_notes&parent_page_channel_type=web_profile_board&xsec_token=ABW3SBUP5DOk9Z5Seuuywlo-fxF9NVUudvGUzZipc3ZCI=&xsec_source=pc_search,fan,1,0
671c65e600000000210021ea,全日语vlog.🇯🇵芦原温泉一日游,https://www.rednote.com/search_result/671c65e600000000210021ea?xsec_token=ABnwllaeFUMGLPGYUMfcq66apDyK5RfKVD_IVGLuzz92M=&xsec_source=,lilibuchen 2024-10-26,https://www.rednote.com/user/profile/5b0bf4bb4eacab2a4599cf2d?channel_type=web_search_result_notes&parent_page_channel_type=web_profile_board&xsec_token=ABFSesZ77LURkZibIFw_FFK8PDyCFSVWSKrHtOX-zHxWA=&xsec_source=pc_search,travel,0,2
6882e99c000000002400da40,福井很小 爱很大,https://www.rednote.com/search_result/6882e99c000000002400da40?xsec_token=ABEgF9sjLtoqswMgNGZPdIXGbcVtS7rGEmZ7CNPcuv_8U=&xsec_source=,りえぃぃ 03-21,https://www.rednote.com/user/profile/5e4646d00000000001005cd3?channel_type=web_search_result_notes&parent_page_channel_type=web_profile_board&xsec_token=ABzF_sN1ylPG21biOTUwmzW4TepkQ0K7Y5dZq4wfFB5F8=&xsec_source=pc_search,ordinary,0,0
68693b56000000001202c4d1,福井记忆,https://www.rednote.com/search_result/68693b56000000001202c4d1?xsec_token=ABiwOd7-2e2-elBZgMXVVDaPoYQX9-fxwRNnajykZEAEw=&xsec_source=,戒一下面包 2025-07-05,https://www.rednote.com/user/profile/649539f4000000000f005fc6?channel_type=web_search_result_notes&parent_page_channel_type=web_profile_board&xsec_token=ABXYy782AJCCy_EcQCm9oUKTagv5HiodrWMbeCdMVwXpU=&xsec_source=pc_search,ordinary,0,0
67db082200000000090174ce,关于前田陆的福井之旅攻略-1,https://www.rednote.com/search_result/67db082200000000090174ce?xsec_token=ABvQmvPZxj2th6y7HuUa9HyrT8UTr6Dgi2ObFHmKQiAME=&xsec_source=,CC741 2025-03-20,https://www.rednote.com/user/profile/60cc96720000000001009e87?channel_type=web_search_result_notes&parent_page_channel_type=web_profile_board&xsec_token=AB1gxM7OZhzi57SucYaRbFixS6HM_sbx_u47INL77eA8w=&xsec_source=pc_search,travel,0,1
691316e200000000030351c0,自存福井巡礼攻略,https://www.rednote.com/search_result/691316e200000000030351c0?xsec_token=ABYWcEyB_m8gD6J5hAj0L5Avvv2CZEozsGwQpoV0tlQbU=&xsec_source=,From_loveletter 2025-11-11,https://www.rednote.com/user/profile/63cb957e000000002600693f?channel_type=web_search_result_notes&parent_page_channel_type=web_profile_board&xsec_token=ABFen7zgKx7RtoSirvoGZp1doGj8aI-_upyCjF9lXke8Y=&xsec_source=pc_search,fan,1,1
68c675cc000000001c008ba8,福井必吃榜第一名不是前田陸是这个,https://www.rednote.com/search_result/68c675cc000000001c008ba8?xsec_token=ABsXzC0XhW2sNCORozz-dvb0IrSDlKWEZaKswmBQrb3DE=&xsec_source=,blacknim 2025-09-14,https://www.rednote.com/user/profile/5dc4b916000000000100b8af?channel_type=web_search_result_notes&parent_page_channel_type=web_profile_board&xsec_token=ABEmYCqDD8c91BzPtOkcJvs4pqXHbpLub_FYrzIsNdfqg=&xsec_source=pc_search,ordinary,0,0
679762e8000000002901d92b,福井其实一点也不小,https://www.rednote.com/search_result/679762e8000000002901d92b?xsec_token=ABVnHNlGgnEC-8NjLvxGaNX7rm51PS7KcDSOw7_rvVAgo=&xsec_source=,大眼睛小耳朵 2025-01-27,https://www.rednote.com/user/profile/60bdeaf200000000010042cc?channel_type=web_search_result_notes&parent_page_channel_type=web_profile_board&xsec_token=ABbfOspiT7ZDQouK8YS1vHA1uKup3tR6FUEF9NeN5hTQI=&xsec_source=pc_search,ordinary,0,0
673d943b000000000202cabd,日本温泉地区系列❗️北陆♨️新泻为佳,https://www.rednote.com/search_result/673d943b000000000202cabd?xsec_token=ABckaHGn4UZZZ_P67ZMpMIwBxFBBJDl7F5ErFzuJco6nw=&xsec_source=,荷乐馆的温泉将 2025-10-08,https://www.rednote.com/user/profile/5cb348a9000000001200ca8f?channel_type=web_search_result_notes&parent_page_channel_type=web_profile_board&xsec_token=AB-P4YI_NBv5DKIGtzplW06X0iEDrCSOi-Qd-T0X5yhdg=&xsec_source=pc_search,ordinary,0,0
68b00c49000000001b0235da,北陆小众海岸保姆级攻略（金泽周边）,https://www.rednote.com/search_result/68b00c49000000001b0235da?xsec_token=AB6l_-gJ8J2Xeep6GNaXRzcBE-StPr_JsUZGJ7uv_InY8=&xsec_source=,最鍾意食菠蘿包 2025-08-28,https://www.rednote.com/user/profile/64bcedbc000000001403777f?channel_type=web_search_result_notes&parent_page_channel_type=web_profile_board&xsec_token=ABuakNr4mLL37OHGizYgwvpFJ4E8Ki9LUFtp_cr-bWjEE=&xsec_source=pc_search,travel,0,2
672a30cf000000003c0176c9,福井 对我来说最特别的日本小城,https://www.rednote.com/search_result/672a30cf000000003c0176c9?xsec_token=ABhjmgVfD7BJbhal1-sERUB4Y9jF9h85ytkH-q1NpBAQk=&xsec_source=,blacknim 2024-11-07,https://www.rednote.com/user/profile/5dc4b916000000000100b8af?channel_type=web_search_result_notes&parent_page_channel_type=web_profile_board&xsec_token=ABEmYCqDD8c91BzPtOkcJvs4pqXHbpLub_FYrzIsNdfqg=&xsec_source=pc_search,ordinary,0,0
682890e2000000002002a26b,北陸地区 名湯案内,https://www.rednote.com/search_result/682890e2000000002002a26b?xsec_token=AB_EZ_4dvhFy-vBEoG_WRPdGHTrw_adSr7cfw918FQXIQ=&xsec_source=,Hokuriku越中小陸 2025-05-17,https://www.rednote.com/user/profile/672a36b7000000001d02fa6c?channel_type=web_search_result_notes&parent_page_channel_type=web_profile_board&xsec_token=ABhjmgVfD7BJbhal1-sERUB5tCLyzzcD_4MvIjk7wRJHY=&xsec_source=pc_search,ordinary,0,0
6710d7c2000000001b0121c4,又到该要泡温泉的日子了,https://www.rednote.com/search_result/6710d7c2000000001b0121c4?xsec_token=ABdjxGVi_ykfQ2cpqlStw95b4nLk8-uZGlIuee7njeGB0=&xsec_source=,暴走樱花🌸 2024-10-17,https://www.rednote.com/user/profile/6685f3ee000000000b030a5f?channel_type=web_search_result_notes&parent_page_channel_type=web_profile_board&xsec_token=ABn6pDL9aIevv1ZcMJ9Hxs1XmOTUTZ-kqVs5tV1SJ39FY=&xsec_source=pc_search,ordinary,0,0
68b538bd000000001d0229c9,福井RIKU的痕迹～🌊东寻坊&三国海滩,https://www.rednote.com/search_result/68b538bd000000001d0229c9?xsec_token=ABgIrw9KuPgl4nBrsORAZitzRjV0M_KBtdFLVFywNhdJo=&xsec_source=,21世纪唯一美攻 2025-09-01,https://www.rednote.com/user/profile/5d0a4423000000001000dfa3?channel_type=web_search_result_notes&parent_page_channel_type=web_profile_board&xsec_token=ABX9H-H1T-ECYb-txzkv0aM4Qr787mfChtqyKoUzN4GXw=&xsec_source=pc_search,fan,1,1
67cd8465000000001201d78a,福井两日一夜秘境游：温泉、恐龙、绝美海岸！,https://www.rednote.com/search_result/67cd8465000000001201d78a?xsec_token=ABAj5s_3t1cG5oGOjiYQnBkuiBJjxjP0CNkJfa1TNN5q4=&xsec_source=,吴梅里 2025-03-09,https://www.rednote.com/user/profile/5fb8969d0000000001006aae?channel_type=web_search_result_notes&parent_page_channel_type=web_profile_board&xsec_token=ABggMFpTp8qHlcKCV_FG8Jr5VWddm7oXD4Ls2MI_8jh2w=&xsec_source=pc_search,ordinary,0,0
66e3fa4a000000000c018513,第一次来北陆福井市自由行该怎么玩？,https://www.rednote.com/search_result/66e3fa4a000000000c018513?xsec_token=AB96rQ0lWPdR64ei4uF42vgPfm9CR5Wk9cm3M3fxAvQvA=&xsec_source=,飞行电熨斗 2024-09-13,https://www.rednote.com/user/profile/5ef84c6f0000000001000ae9?channel_type=web_search_result_notes&parent_page_channel_type=web_profile_board&xsec_token=ABRerCu5bOevuCfKP67y1ljqTax8ivIsMkaMTpnJsE8wA=&xsec_source=pc_search,ordinary,0,0
68cceac300000000120163d0,福井 三国 ‖ 无法拒绝可以看海的酒店住宿,https://www.rednote.com/search_result/68cceac300000000120163d0?xsec_token=ABEdlv53kBdh9p_DMkixTa2YEyAjqEiurhBH2CyiOXQrg=&xsec_source=,特特特特里 2025-09-19,https://www.rednote.com/user/profile/65afc205000000001302a337?channel_type=web_search_result_notes&parent_page_channel_type=web_profile_board&xsec_token=ABZlsI3k4OXL_mzW4JXUq-_iCcDKLZ2LIcOhD_iCSiArQ=&xsec_source=pc_search,travel,0,2
6913084e0000000004021c3e,日本海海边的温泉旅馆♨️,https://www.rednote.com/search_result/6913084e0000000004021c3e?xsec_token=ABYWcEyB_m8gD6J5hAj0L5AnbBRdFhAWVIOBIyELn7FOU=&xsec_source=,9stay酒店民宿 2025-11-12,https://www.rednote.com/user/profile/66b08337000000001d030bbc?channel_type=web_search_result_notes&parent_page_channel_type=web_profile_board&xsec_token=ABetymL6Luho7b2quI5zSQhgG_4UnD_ShBd1TJwK4tOeU=&xsec_source=pc_search,ordinary,0,0
671bb197000000002401b2f4,福井·芳泉温泉酒店,https://www.rednote.com/search_result/671bb197000000002401b2f4?xsec_token=AB_0DTjVQTvodwumnbgoYGPZqAIFc9fEyBVXangt0gZZc=&xsec_source=,流浪记 2024-10-25,https://www.rednote.com/user/profile/64061114000000000f012295?channel_type=web_search_result_notes&parent_page_channel_type=web_profile_board&xsec_token=ABJHRlANQpMHlUlo-s96WWtBLsdRkcqS4zm5R4QQjLlBQ=&xsec_source=pc_search,travel,0,1
6828038700000000220375e0,福井温泉终极指南：体验日本古都旬味与禅意,https://www.rednote.com/search_result/6828038700000000220375e0?xsec_token=AB_EZ_4dvhFy-vBEoG_WRPdF0owkE0U_LJrXGTDXbcSHE=&xsec_source=,结伴畅游日本 2025-05-17,https://www.rednote.com/user/profile/61bb3be70000000021022156?channel_type=web_search_result_notes&parent_page_channel_type=web_profile_board&xsec_token=ABH7TrYaivVmfW5HTIpdADJTCnw4c7Jptgb11tiCcIcPU=&xsec_source=pc_search,travel,0,1
68d67d7e00000000130292c7,🇯🇵福井vlog｜riku故乡巡礼 攻略&避雷🌟,https://www.rednote.com/search_result/68d67d7e00000000130292c7?xsec_token=AB0gq1VwWNT6wUHMwQWar5tlav3yJv_xiHb0JQqQ6uRuw=&xsec_source=,inkii!_ 2025-09-26,https://www.rednote.com/user/profile/63fc865b000000001f030eee?channel_type=web_search_result_notes&parent_page_channel_type=web_profile_board&xsec_token=ABnXOs0r0jqyjQ3BPjfgYvrqkB59NVVafe3pvBFCkBBn8=&xsec_source=pc_search,fan,2,2
68dba0e8000000000301f40b,🇯🇵福井vlog2｜riku故乡巡礼 攻略&路线🌟,https://www.rednote.com/search_result/68dba0e8000000000301f40b?xsec_token=ABinLzPN92sEVP_njVgfLb2tiN07Mf6jz3ShfEiA-O_kU=&xsec_source=,inkii!_ 2025-09-30,https://www.rednote.com/user/profile/63fc865b000000001f030eee?channel_type=web_search_result_notes&parent_page_channel_type=web_profile_board&xsec_token=ABnXOs0r0jqyjQ3BPjfgYvrqkB59NVVafe3pvBFCkBBn8=&xsec_source=pc_search,fan,2,2
68c6d678000000001d00755d,流水账福井圣地巡礼一日攻略,https://www.rednote.com/search_result/68c6d678000000001d00755d?xsec_token=ABsXzC0XhW2sNCORozz-dvbwgGXO0WG1KXi4kgHSGz5hY=&xsec_source=,あきやま 2025-09-14,https://www.rednote.com/user/profile/65748af4000000003d02a652?channel_type=web_search_result_notes&parent_page_channel_type=web_profile_board&xsec_token=ABrQd6p3GqOr11o8gsjYH2sIVZ6XzZDQpxm5qZHNVQ8aw=&xsec_source=pc_search,fan,1,1
69539673000000001e0286af,nctwish福井｜离你越来越近的陸,https://www.rednote.com/search_result/69539673000000001e0286af?xsec_token=ABGVsvD3WlwtHXvwCkiW5BHo-_E9BOAHcRifNLHr4WmkA=&xsec_source=,云端的芙蕖 2025-12-30,https://www.rednote.com/user/profile/61a8d7510000000021025b28?channel_type=web_search_result_notes&parent_page_channel_type=web_profile_board&xsec_token=ABhgplqUTpOtcwopWlMH0vge176I23Hmh82q2upwFktdE=&xsec_source=pc_search,fan,3,0
67139e3a0000000021004d5b,福井vlog｜去推し的故乡圣地巡礼,https://www.rednote.com/search_result/67139e3a0000000021004d5b?xsec_token=ABhvuELp2KQFoTNvnsZ5Lq3q0vBJa-ECcnWrMSG1XUlOI=&xsec_source=,margoooooo 2024-10-20,https://www.rednote.com/user/profile/596c78f46f02d6623b24a0a4?channel_type=web_search_result_notes&parent_page_channel_type=web_profile_board&xsec_token=ABtBq_bhfaKVjTySLI8t9iqEnaFAf4TYqN3IvJxA8grcc=&xsec_source=pc_search,fan,1,1
69ffc895000000003802114b,🇯🇵福井駅居然有恐龙出没🦕🥺,https://www.rednote.com/search_result/69ffc895000000003802114b?xsec_token=ABDBt5xB0qv2fBngoL7oypn8ENN6OG5Q5Cs5BGBk3C0Mk=&xsec_source=,想吃烤红薯🍠 05-10,https://www.rednote.com/user/profile/5f11b5e000000000010049d3?channel_type=web_search_result_notes&parent_page_channel_type=web_profile_board&xsec_token=ABKsUtdaYP9YZ4nWvgsrdguvIvcNAhM-Eibj4k9lmQu_I=&xsec_source=pc_search,ordinary,0,0
68b5b27c000000001c00767c,纯吐槽，福井直接拉黑！,https://www.rednote.com/search_result/68b5b27c000000001c00767c?xsec_token=ABgIrw9KuPgl4nBrsORAZit5k184_gPt5XtiCBVr191xo=&xsec_source=,Suki的奇妙冒险 2025-09-01,https://www.rednote.com/user/profile/5dd1387200000000010059ab?channel_type=web_search_result_notes&parent_page_channel_type=web_profile_board&xsec_token=ABZQZz748PIPhPirpsBqezUSaZuUx7b2Qc6_G3pSXf8TM=&xsec_source=pc_search,ordinary,0,0
68877fd7000000002203d842,📍日本小众秘境｜三方五湖绝美风景＋打卡圣地,https://www.rednote.com/search_result/68877fd7000000002203d842?xsec_token=ABzH1Bnsk2ZBYi6TGqTeatJ5izfMqbZ3mNUp2DF1xB7bs=&xsec_source=,一半寿司一半面 2025-07-28,https://www.rednote.com/user/profile/5e0915580000000001007f01?channel_type=web_search_result_notes&parent_page_channel_type=web_profile_board&xsec_token=AB_rVd1K1n4ponDWrgflh8Hs7R7RQ9EqqBSe7EvdeDsPs=&xsec_source=pc_search,fan,1,1
695b2e40000000002202c4f2,好像在福井拍到了人生照片,https://www.rednote.com/search_result/695b2e40000000002202c4f2?xsec_token=ABwcZixbPZhLIyb2BAFphv1AlGtPLK3o3gwMofUMgM15M=&xsec_source=,烟桑 01-05,https://www.rednote.com/user/profile/652d4d0d000000002a028d03?channel_type=web_search_result_notes&parent_page_channel_type=web_profile_board&xsec_token=ABc_kl0tni73o3fSCQU6FYXdIAXFcXxadLq5tj0oUOBFU=&xsec_source=pc_search,ordinary,0,0
6a145a830000000010001c00,被严重低估的福井小众秘境！,https://www.rednote.com/search_result/6a145a830000000010001c00?xsec_token=ABQyGD6SzgKHgSIxycaO9eR_Aso7uiVGJN4fxAB8Z6kX0=&xsec_source=,夏天的夏 05-26,https://www.rednote.com/user/profile/6a048a04000000000d035c09?channel_type=web_search_result_notes&parent_page_channel_type=web_profile_board&xsec_token=ABjJg7V8RF4UR5I2nlv1oF6EbtsNFt4iyrIaph-lrLeNE=&xsec_source=pc_search,travel,0,1
6954f0ad000000001e002c1e,福井repo来了 （大家怎么能这么好😭好温暖,https://www.rednote.com/search_result/6954f0ad000000001e002c1e?xsec_token=ABgLKSOXMhLiCmqU2UiHcxL0xOSREeCdOBk2R3jVIiu6c=&xsec_source=,便利店布丁梦女 2025-12-31,https://www.rednote.com/user/profile/63d0b8940000000026010207?channel_type=web_search_result_notes&parent_page_channel_type=web_profile_board&xsec_token=ABUPdbC75OMxQfHbzUGKHqQVtaNrZZxz6i6VIxMfuXuvg=&xsec_source=pc_search,ordinary,0,0
68c846b6000000001c00bfeb,日本旅行的惊喜是福井永平寺给的 |小众避世,https://www.rednote.com/search_result/68c846b6000000001c00bfeb?xsec_token=ABNNJeqdzQu-4vAp_H6L6axrAEulUoRJmOJazJrgYfBL4=&xsec_source=,Yokooo 2025-09-16,https://www.rednote.com/user/profile/5aa0ea3b4eacab68b01c1526?channel_type=web_search_result_notes&parent_page_channel_type=web_profile_board&xsec_token=ABB4QKpTMiRVrvpLLg-iWJf2YhpAPsFz34LB2IiVSPr0I=&xsec_source=pc_search,travel,0,2
693abbbe000000001e004a0f,nctwish恭喜你们啊打卡了我同款,https://www.rednote.com/search_result/693abbbe000000001e004a0f?xsec_token=AB32g92Tbk0o4L59B0CpCBW8lYN-k5gPGspAWwKdGYb34=&xsec_source=,Gii_16 2025-12-11,https://www.rednote.com/user/profile/64d389c8000000001c029862?channel_type=web_search_result_notes&parent_page_channel_type=web_profile_board&xsec_token=ABVcgxtNel5FYPNJffeMZaRy81ynJLEgUhW6_ybhXFLt4=&xsec_source=pc_search,fan,5,0
684916d4000000000303ae38,推荐！金沢周边出发福井一日游,https://www.rednote.com/search_result/684916d4000000000303ae38?xsec_token=AB4TWndomCr0esBcI-bwkVTXkeW-Z4Bu9wTtuBRUyhdl0=&xsec_source=,kaori 在富山 2025-08-18,https://www.rednote.com/user/profile/56582b4eb8c8b46e6affee4a?channel_type=web_search_result_notes&parent_page_channel_type=web_profile_board&xsec_token=ABrZwVW1nbTt2ckGT3QPgsal6w8PgsfmMU5tZXmORNe28=&xsec_source=pc_search,travel,0,3
68dcecc90000000007022013,日本北陸絶景福井东寻坊🌊越前松岛水族馆,https://www.rednote.com/search_result/68dcecc90000000007022013?xsec_token=ABkfB2EM7gOT89GKXO6fj_YogtFH8_KnEa6-1xmEhVY88=&xsec_source=,さやか 2025-10-01,https://www.rednote.com/user/profile/5c7a2bfe00000000160256b8?channel_type=web_search_result_notes&parent_page_channel_type=web_profile_board&xsec_token=AB3pP_dapmkjpYenEhcz2v1GynyMP-q-GSxvE5T5o1UJI=&xsec_source=pc_search,travel,0,1
6876453b000000000d027411,更乡下的福井县,https://www.rednote.com/search_result/6876453b000000000d027411?xsec_token=ABEwq_kGe6O2TID7pGXU7GyiNJt1G7cWR9I9ERj8qNTc0=&xsec_source=,Henry很好奇！ 2025-07-15,https://www.rednote.com/user/profile/63d868f800000000270295e7?channel_type=web_search_result_notes&parent_page_channel_type=web_profile_board&xsec_token=AB7_inEE8aczqLRDivZNOUAxUBdfV-1_e7Y5OZiKv8aIA=&xsec_source=pc_search,ordinary,0,0
6a193f62000000003502231c,夏緑照拂山間,https://www.rednote.com/search_result/6a193f62000000003502231c?xsec_token=AB1pCRuCOO6ihZUxjD4ukQtFYYKjhxyy5JLu6r84RNQKE=&xsec_source=,安寶在日本尋山 05-29,https://www.rednote.com/user/profile/651df0f30000000023027247?channel_type=web_search_result_notes&parent_page_channel_type=web_profile_board&xsec_token=ABAaq9WzreftiVUrisX6eU7AxEmtjvBy5Y1O6vddUuEcc=&xsec_source=pc_search,ordinary,0,0
685def2e000000001203db32,福井 | 永平寺前的越前荞麦面和酱汁炸猪扒,https://www.rednote.com/search_result/685def2e000000001203db32?xsec_token=ABHG36H-vQ0_LCb-bUL84l_drFlKpI_bIuxp8X-KkZlAg=&xsec_source=,伍贰零叁舍长 2025-06-27,https://www.rednote.com/user/profile/5667d39982718c731f5069d6?channel_type=web_search_result_notes&parent_page_channel_type=web_profile_board&xsec_token=ABsIhWXruntbL-FrXP86PBMpfblV5VtRhAvqTBbf72faY=&xsec_source=pc_search,travel,0,1
6a2df5050000000022018c00,幸子的日本观察｜永平寺为何让人慢下来,https://www.rednote.com/search_result/6a2df5050000000022018c00?xsec_token=ABDnwF0tvQsJl5JaHIJJRahigkfGDS4E4xqbr5mZiwyLo=&xsec_source=,幸子sachiko酱的重生日记 1天前,https://www.rednote.com/user/profile/542fa705d6e4a91d8852cd78?channel_type=web_search_result_notes&parent_page_channel_type=web_profile_board&xsec_token=ABm3bTtmQXWUHcUTGm1zy8k56xwje1bv49GlH61SHxzvo=&xsec_source=pc_search,travel,0,1
69368abe000000001e010482,又来快乐老家福井了,https://www.rednote.com/search_result/69368abe000000001e010482?xsec_token=ABZDiM3hXnBBRafjRmFkorxQDkBWVqAL3T9E0UqL6dBKY=&xsec_source=,纸兔酱爱吃草莓屁屁 2025-12-08,https://www.rednote.com/user/profile/5628864f82718c765a4385ec?channel_type=web_search_result_notes&parent_page_channel_type=web_profile_board&xsec_token=ABwBGTvNnZbSO8dZmMnOuMOzMBf93Z4NceP34tWjljJzc=&xsec_source=pc_search,ordinary,0,0
6667b905000000000e030b78,福井 三方五湖｜沉浸於日本海的湖山之間,https://www.rednote.com/search_result/6667b905000000000e030b78?xsec_token=ABSnEMb4Yc4CHYrVPyQDGjWlHIGcNBTR7S3ohuweLKE5E=&xsec_source=,安寶在日本尋山 2024-06-11,https://www.rednote.com/user/profile/651df0f30000000023027247?channel_type=web_search_result_notes&parent_page_channel_type=web_profile_board&xsec_token=ABAaq9WzreftiVUrisX6eU7AxEmtjvBy5Y1O6vddUuEcc=&xsec_source=pc_search,ordinary,0,0
6963b3cb000000001a03642f,nctwish福井福福馆同款测评,https://www.rednote.com/search_result/6963b3cb000000001a03642f?xsec_token=ABLOUDtb5AKGWuSmiH1YqLeiS_nsMEqqGo2PJy4JaLqPs=&xsec_source=,豆乳舒芙蕾 01-12,https://www.rednote.com/user/profile/646890e1000000002a009623?channel_type=web_search_result_notes&parent_page_channel_type=web_profile_board&xsec_token=ABX1lCrmV3l_khhTnqMmtTD08LGUoGnAEkB8sQt6C3s-0=&xsec_source=pc_search,fan,4,0
6571ce84000000000602bd12,🇯🇵福井县｜必去景点推荐❤️‍🔥,https://www.rednote.com/search_result/6571ce84000000000602bd12?xsec_token=ABUENPTm-_ZdWW9O1uguSIp4amLll74RjIQLb897vJ138=&xsec_source=,大阪旅行兔🐰 2023-12-08,https://www.rednote.com/user/profile/56c7549c4775a7212e0309c4?channel_type=web_search_result_notes&parent_page_channel_type=web_profile_board&xsec_token=ABZH_5mxk0FRKi99hJJssy4T2SUZDO5hz5LkfDJLD8qo8=&xsec_source=pc_search,travel,0,2
66f81402000000001b020e42,芦原，日本超小众冷门旅游地，值得去吗？,https://www.rednote.com/search_result/66f81402000000001b020e42?xsec_token=ABki75QUh5fAOiXjuB_3M8vszeM0i5RJ6DLDG8FBk0FRY=&xsec_source=,李李之行 2024-09-29,https://www.rednote.com/user/profile/5c032db4f7e8b90bbc5f0d51?channel_type=web_search_result_notes&parent_page_channel_type=web_profile_board&xsec_token=ABBxrsHMR2Kpgp5s-bG3DVh5k0al_ROnSThmd6rvede9I=&xsec_source=pc_search,travel,0,1
65ffd5de000000001202346a,日本福井县，也太美了吧！,https://www.rednote.com/search_result/65ffd5de000000001202346a?xsec_token=ABXr4p6DCf-3XEp2_-BHLfk_uzwrNXvhLynYg8DhRdgu4=&xsec_source=,雪莉酒味橘子 2024-03-24,https://www.rednote.com/user/profile/5cdb9ef50000000005030ef2?channel_type=web_search_result_notes&parent_page_channel_type=web_profile_board&xsec_token=ABYtDMj_aL9trA1dr7_GzhQjK5x6vSuhW7qlVl5bR7BHw=&xsec_source=pc_search,ordinary,0,0
6a2d361f00000000170087c5,福井｜永平寺口 駅前宿舎禪,https://www.rednote.com/search_result/6a2d361f00000000170087c5?xsec_token=ABDnwF0tvQsJl5JaHIJJRahhMCiTEAYKN3VJwghXRUuTw=&xsec_source=,不可能中暑 1天前,https://www.rednote.com/user/profile/5b053334f7e8b932e241a04b?channel_type=web_search_result_notes&parent_page_channel_type=web_profile_board&xsec_token=ABT3tL36b9qQ_uwOoauaIbL9TOD-BTMIxGz6HGxGH2R24=&xsec_source=pc_search,travel,0,1
68c0550e000000001c00a1d3,福井永平寺 | 我心目中日本最值得去的寺庙,https://www.rednote.com/search_result/68c0550e000000001c00a1d3?xsec_token=ABcL6ZVcM1ptxcXbKHek2DgPMQVF02KgaZC_6aHTpE6Ms=&xsec_source=,Yokooo 2025-09-10,https://www.rednote.com/user/profile/5aa0ea3b4eacab68b01c1526?channel_type=web_search_result_notes&parent_page_channel_type=web_profile_board&xsec_token=ABB4QKpTMiRVrvpLLg-iWJf2YhpAPsFz34LB2IiVSPr0I=&xsec_source=pc_search,travel,0,1
68e2906f000000000302080d,小众人文旅行地🫧福井·永平寺,https://www.rednote.com/search_result/68e2906f000000000302080d?xsec_token=ABhMWiqRCNy_vF4kgd_1j63jRoW9y-miz6F7VW9Pb4esg=&xsec_source=,旷工许可部Dobby 2025-10-09,https://www.rednote.com/user/profile/6743ca1a000000001d02d8ec?channel_type=web_search_result_notes&parent_page_channel_type=web_profile_board&xsec_token=AB3uCKfdroCb4XzFm4AGWdqQwqV8GnvtTXK-oTYZT-UTI=&xsec_source=pc_search,travel,0,2
69531839000000001e00b30a,从金泽自驾到福井偶遇的小众宝藏地,https://www.rednote.com/search_result/69531839000000001e00b30a?xsec_token=ABGVsvD3WlwtHXvwCkiW5BHvt3aOTij7qNc0Abon2PdXc=&xsec_source=,粉橘色粉 2025-12-30,https://www.rednote.com/user/profile/62cec944000000000303e2a4?channel_type=web_search_result_notes&parent_page_channel_type=web_profile_board&xsec_token=ABLOeifH4MfP4jVgEogu0Vi0191eOiU3f0dsFVMDfWtCk=&xsec_source=pc_search,travel,0,1
68e6fe1300000000070385b2,🏯永平寺Eiheiji,https://www.rednote.com/search_result/68e6fe1300000000070385b2?xsec_token=ABeq3yUDHDFCBt54SYHUexHauuqw5dAmw4gzJim3dlZVw=&xsec_source=,惰性气体 2025-11-10,https://www.rednote.com/user/profile/5573a4b467bc656bdc47a36c?channel_type=web_search_result_notes&parent_page_channel_type=web_profile_board&xsec_token=ABZIPY7WJNnzN5sy9LLL2hQL3RQgp3ZpVJqdciuD6a8yY=&xsec_source=pc_search,travel,0,1
695ddd90000000002102a655,来福井怎么能不品尝越前蟹宴,https://www.rednote.com/search_result/695ddd90000000002102a655?xsec_token=ABMFR8CvZ616L9OJEHbII_qmCqDTLLp1Ws8p58peoAmXA=&xsec_source=,烟桑 01-07,https://www.rednote.com/user/profile/652d4d0d000000002a028d03?channel_type=web_search_result_notes&parent_page_channel_type=web_profile_board&xsec_token=ABc_kl0tni73o3fSCQU6FYXdIAXFcXxadLq5tj0oUOBFU=&xsec_source=pc_search,ordinary,0,0
67b33996000000002a000fb9,福井站前好吃的料理店,https://www.rednote.com/search_result/67b33996000000002a000fb9?xsec_token=ABv03e7UBZrJjJsRfC7-qtAtse2xFdz6ojhoYy-cl-GLY=&xsec_source=,阿尼亚 2025-02-17,https://www.rednote.com/user/profile/54e9475a2e1d936fb4edb38e?channel_type=web_search_result_notes&parent_page_channel_type=web_profile_board&xsec_token=AB9IA9qHnaP2Pcd6WzGx-E_4ut0Q0TOoQkPmTVjCWUCck=&xsec_source=pc_search,ordinary,0,0
693ac7fd000000000d03888e,WISH⭐︎为了纪念来福井拍了大头贴,https://www.rednote.com/search_result/693ac7fd000000000d03888e?xsec_token=AB32g92Tbk0o4L59B0CpCBWxk-3TQFXts5DFajUnqH5Jw=&xsec_source=,HGZ🍎 2025-12-11,https://www.rednote.com/user/profile/5d326265000000001101218e?channel_type=web_search_result_notes&parent_page_channel_type=web_profile_board&xsec_token=ABmHjt5AjVCaw3cXWCj3Hxu7REAAJ7-Xo9p1ZpGGc6suY=&xsec_source=pc_search,fan,1,0
693aab43000000001e0146aa,nctwish福井旅游转场,https://www.rednote.com/search_result/693aab43000000001e0146aa?xsec_token=AB32g92Tbk0o4L59B0CpCBW1ALj8HHxC8qq4Mw7XvKBgQ=&xsec_source=,樱桃味酥饼熊🍒 2025-12-11,https://www.rednote.com/user/profile/59cc7da2de5fb41fd3545a87?channel_type=web_search_result_notes&parent_page_channel_type=web_profile_board&xsec_token=ABgIBbU5H3G-_cqLFFJX-xkX7PAgI83iOQDWyFCrj5Jzo=&xsec_source=pc_search,fan,3,0
6885d5350000000015020fed,福井的福是,https://www.rednote.com/search_result/6885d5350000000015020fed?xsec_token=ABYDf0XpMWEDbFm8P3xno6bYxzpUMrDMMjgbQUqg54LRI=&xsec_source=,ko_kono짱 2025-07-27,https://www.rednote.com/user/profile/5e185cb30000000001009b61?channel_type=web_search_result_notes&parent_page_channel_type=web_profile_board&xsec_token=ABf6bODSvkwi5kvY56KLjRqwKtcqd69RXSWGdWM6OiRPE=&xsec_source=pc_search,ordinary,0,0
68b17a93000000001d0295ef,福井RIKU的痕迹～🏫 福井県立鯖江高等学校,https://www.rednote.com/search_result/68b17a93000000001d0295ef?xsec_token=AB3cFGkZf1tNKeAypkkZeOIlJjo1JpvTH924tMkVaPTvE=&xsec_source=,21世纪唯一美攻 2025-08-29,https://www.rednote.com/user/profile/5d0a4423000000001000dfa3?channel_type=web_search_result_notes&parent_page_channel_type=web_profile_board&xsec_token=ABX9H-H1T-ECYb-txzkv0aM1m8V6h_yRDPtfunGdg4ISQ=&xsec_source=pc_search,fan,1,0
69287b75000000001e0214d8,往返坐了8小时的车只为感受Riku的成长痕迹☆,https://www.rednote.com/search_result/69287b75000000001e0214d8?xsec_token=ABTdMI16EKWgOQpA_xZ5-Y9h1ShgNHxB5RzGgQoE6HK20=&xsec_source=,ㄷㅅㄷ 2025-11-28,https://www.rednote.com/user/profile/6623ee070000000003032b22?channel_type=web_search_result_notes&parent_page_channel_type=web_profile_board&xsec_token=ABxHPoy-8vLaQsYbac_8cbpEYvPNiFe76PgYA9WRbSBss=&xsec_source=pc_search,fan,1,1
69934400000000002903288b,打卡Riku的起点｜福井千纸鹤神社,https://www.rednote.com/search_result/69934400000000002903288b?xsec_token=AB4tdU11DuLlXSwbIFpyurWHWMczQgVO-aYm-HYBRI60o=&xsec_source=,おいしいパン🥐 02-17,https://www.rednote.com/user/profile/697cbe14000000002603bff5?channel_type=web_search_result_notes&parent_page_channel_type=web_profile_board&xsec_token=ABwM0l-49toSqirhdLq4hFQeHQaVo30rL5yDQmtekYHs8=&xsec_source=pc_search,fan,2,0
693af23d000000001e02192a,福井の陸🐿️,https://www.rednote.com/search_result/693af23d000000001e02192a?xsec_token=AB32g92Tbk0o4L59B0CpCBW6iM7Dwdp3fe2f4-qqTJESE=&xsec_source=,samsam💕 2025-12-27,https://www.rednote.com/user/profile/5e8803690000000001005bd7?channel_type=web_search_result_notes&parent_page_channel_type=web_profile_board&xsec_token=ABQGpOfCj99h4vhAbgyoYJTe-x9uEMw6QfHwnK5XDMyH8=&xsec_source=pc_search,ordinary,0,0
6891a1400000000025010f53,跟着NCTWISH游镰仓,https://www.rednote.com/search_result/6891a1400000000025010f53?xsec_token=ABUi6fl_jCcDO_WBIJHR4Nlv-Fv29RxV0nVXPDk_UD4Fo=&xsec_source=,KiktCoco 2025-08-05,https://www.rednote.com/user/profile/596058085e87e734dc9c18cb?channel_type=web_search_result_notes&parent_page_channel_type=web_profile_board&xsec_token=ABV78SQ9DXdmHJKlTtY1QqgYVcmeTifjY8qlKkurkVkZw=&xsec_source=pc_search,fan,3,0
69f9c953000000001b020e9b,在最喜欢的福井,https://www.rednote.com/search_result/69f9c953000000001b020e9b?xsec_token=AB4iKcuW3KtwZhRNUcRBcRuxCuZ5P5YmZ7x7v4Ub-K5p4=&xsec_source=,抓住幸福比忍耐痛苦更需要勇气 05-07,https://www.rednote.com/user/profile/684d42f8000000001b021616?channel_type=web_search_result_notes&parent_page_channel_type=web_profile_board&xsec_token=ABLTC9-kgBa04Efz8pXY_NGdrxgE7zeMNw4hwxn3LDsdI=&xsec_source=pc_search,ordinary,0,0
68d52331000000001003d1df,为了这扇窗，特意飞了一趟🇯🇵……,https://www.rednote.com/search_result/68d52331000000001003d1df?xsec_token=AB9MQKyQQZzh7WzmXiHj82HsWDkTUZ83FBgDjrX0UI3wg=&xsec_source=,🥕乐歪， 2025-09-25,https://www.rednote.com/user/profile/5fae422b000000000100ac6a?channel_type=web_search_result_notes&parent_page_channel_type=web_profile_board&xsec_token=ABZGczPSV8NNgOIxLmsVtT7mw_0UOnfS7XrOQx51mztDc=&xsec_source=pc_search,ordinary,0,0
684e9a49000000000303ff98,花150在日本乡下住进奶奶家|如小森林的生活,https://www.rednote.com/search_result/684e9a49000000000303ff98?xsec_token=ABNLnUJXUeujR6dmemtldxTpKbDVWOfpsneiQ-J23pcAU=&xsec_source=,好运阿池 2025-06-15,https://www.rednote.com/user/profile/5d7b76aa0000000001009ab1?channel_type=web_search_result_notes&parent_page_channel_type=web_profile_board&xsec_token=ABr47ZR5wukKgG-N5-5tCh7ACAEKkpt07wD8deyjVgcAg=&xsec_source=pc_search,ordinary,0,0
68b92e48000000001b034c40,少女外宿中🍃🧳,https://www.rednote.com/search_result/68b92e48000000001b034c40?xsec_token=ABThu-lajC0-6kWK68SHpGCw_7zWdF2fWlJASxaN8mA-g=&xsec_source=,iiikk🐰 2025-09-04,https://www.rednote.com/user/profile/5979c54f6a6a697be4eeda64?channel_type=web_search_result_notes&parent_page_channel_type=web_profile_board&xsec_token=AB2Q7dLfr2rYOtNRBGJjkD8uEC8MvNM3lvvlQ_h5n_5eE=&xsec_source=pc_search,ordinary,0,0
69983ea4000000000a033ab5,福井民宿被我霸占，日本人刷到请划走,https://www.rednote.com/search_result/69983ea4000000000a033ab5?xsec_token=ABKk2scffKyo95S4HEeL0FW3lliHgVz4-1OZ80AkIZZgA=&xsec_source=,cicada 02-20,https://www.rednote.com/user/profile/60c3ae02000000000101cfa5?channel_type=web_search_result_notes&parent_page_channel_type=web_profile_board&xsec_token=ABsdOXHrYFuATt7iwIW0-ny8eANv-loj88rF3D5qC43mM=&xsec_source=pc_search,travel,0,1
6a23160b000000003503962b,在福井囧囧尼的两天🥺,https://www.rednote.com/search_result/6a23160b000000003503962b?xsec_token=ABW06aolgU0eebD19nGhE999Qgh6BURzWK9_O8sn8yISo=&xsec_source=,午夜伤心凉皮 06-06,https://www.rednote.com/user/profile/5b3cb8aee8ac2b281550b226?channel_type=web_search_result_notes&parent_page_channel_type=web_profile_board&xsec_token=ABo6rou0-YSJBinTt3PzgkKClhu6rxnx6hnOkenjnPpeI=&xsec_source=pc_search,travel,0,1
674f20310000000007026ca5,日本连自杀胜地都这么美真的过分了耶🫣,https://www.rednote.com/search_result/674f20310000000007026ca5?xsec_token=ABw_3LuAIKpg6wqebuguJy7b81tYPooAy6h60Gcp3J5Ik=&xsec_source=,法兰奇的小小世界 2024-12-03,https://www.rednote.com/user/profile/635fc465000000001802913e?channel_type=web_search_result_notes&parent_page_channel_type=web_profile_board&xsec_token=ABdANiXeorQ27njymsOcV0_f4Us9WQCsNWZE6641pdkpc=&xsec_source=pc_search,ordinary,0,0
6926aca4000000001e0117a2,🇯🇵连夜逃走的民宿,https://www.rednote.com/search_result/6926aca4000000001e0117a2?xsec_token=AB-i_Irtf1I3t4i7HzVG4puCc6zpHjIYWlsjeeqfP7eWI=&xsec_source=,LIN YAN. 2025-11-26,https://www.rednote.com/user/profile/5d023b9300000000120362e1?channel_type=web_search_result_notes&parent_page_channel_type=web_profile_board&xsec_token=ABp3lO4r7LQG3i4toPpwVdwxz_xaF2m5Q2DNvVp-xwT04=&xsec_source=pc_search,travel,0,1
695f316f000000000b00a158,伊豆碎片♡. ˚₊‧,https://www.rednote.com/search_result/695f316f000000000b00a158?xsec_token=ABGJYTk-e6g3EUUG7R9uUFIE4BEmW6nPfM4buS3QTJKo0=&xsec_source=,sookkiieo 01-08,https://www.rednote.com/user/profile/5ba4e5ac6574cf0001fc2dee?channel_type=web_search_result_notes&parent_page_channel_type=web_profile_board&xsec_token=ABvvAOJKpV1Y2qyU5-zfP2kYYUcaLghFhdNspmxddu44s=&xsec_source=pc_search,ordinary,0,0
67026b49000000002c02c531,日本·福井｜望洋楼温泉旅馆，仅7间客房♨️,https://www.rednote.com/search_result/67026b49000000002c02c531?xsec_token=ABVwko3oEIuWCRAmhfEb6VUQ4Yst_RMOD6pc8ERNulY1Y=&xsec_source=,Deeper Travel 深度旅享 2024-10-06,https://www.rednote.com/user/profile/62ac85f6000000001b0261fd?channel_type=web_search_result_notes&parent_page_channel_type=web_profile_board&xsec_token=ABGZbAfi4Jg6eGtgbZoH4JqLoYAFXqaYTXlwiEosKO0DU=&xsec_source=pc_search,ordinary,0,0
69981ac600000000280217ee,在日本乡下温泉旅馆的staycation,https://www.rednote.com/search_result/69981ac600000000280217ee?xsec_token=ABKk2scffKyo95S4HEeL0FWym1Vst-Vsz7ofstfaJUtDk=&xsec_source=,怎么又哭了 02-20,https://www.rednote.com/user/profile/5b654c819c7520000110457a?channel_type=web_search_result_notes&parent_page_channel_type=web_profile_board&xsec_token=ABtb1BqB8wxe48ufyt9Tr3YLFhXRSK6PDVxZtgnphy77Y=&xsec_source=pc_search,ordinary,0,0
6979cb1d000000002202c8b5,福井二日游：永平寺&东寻坊&福井美食推荐,https://www.rednote.com/search_result/6979cb1d000000002202c8b5?xsec_token=AB5mI9KEIzjqxaFd0ARg3_gGojceDOBLVSPIIGhSANZdo=&xsec_source=,咪咪吉饲养员 01-28,https://www.rednote.com/user/profile/58ca9a2d82ec393671e70420?channel_type=web_search_result_notes&parent_page_channel_type=web_profile_board&xsec_token=ABxESKSF1vM0Y0-Rg-KiaTvgg0tc7ib-hRDvi7icZPxEQ=&xsec_source=pc_search,travel,0,4
67ce6750000000000d015901,福井住宿——净法寺山脚下的歓宿縁 ESHIKOTO,https://www.rednote.com/search_result/67ce6750000000000d015901?xsec_token=ABNejo5mOJJQ8_iEa2XFxdBL9ElVAr6cfMN30K3v4lxJ8=&xsec_source=,Trcsoha 2025-03-10,https://www.rednote.com/user/profile/62d35f4c0000000002003dc0?channel_type=web_search_result_notes&parent_page_channel_type=web_profile_board&xsec_token=ABKyhr1zhF7gPTNFJxcJQhULXXgLM6lNLiaoYG3geTdtk=&xsec_source=pc_search,travel,0,1
68610d840000000017037462,对这海和山一点都不会陌生🌊,https://www.rednote.com/search_result/68610d840000000017037462?xsec_token=ABemxzkffZEIxXmiiV8J3KqKD7wnutfHjNqLpDaXNNk-k=&xsec_source=,Ian Breaker 2025-06-29,https://www.rednote.com/user/profile/64036a12000000002901371f?channel_type=web_search_result_notes&parent_page_channel_type=web_profile_board&xsec_token=ABeE6ZrBue5OaRdZs3NnEm5fY1U1xzdMp1a5uVNLyCvKI=&xsec_source=pc_search,ordinary,0,0
69f077cb000000003501e3ae,福井県｜get超可爱的永平寺だるま布丁,https://www.rednote.com/search_result/69f077cb000000003501e3ae?xsec_token=ABr-4Vs24uBXc4f16d2Thb0pwJtyN1DzQw2thiGzBq5yY=&xsec_source=,おもちゃ散歩 04-28,https://www.rednote.com/user/profile/5832e19e6a6a6938c90156c0?channel_type=web_search_result_notes&parent_page_channel_type=web_profile_board&xsec_token=ABjcQsmoY8lymWctDlqPAzH1c1apwW2R3Z_Sja0FdyDao=&xsec_source=pc_search,travel,0,1
68d35f2e0000000012016bea,福井｜白山神社 寧靜漫步,https://www.rednote.com/search_result/68d35f2e0000000012016bea?xsec_token=ABCf1Ee5ABG6WtPKcAtRD1pzYcDQMbPxoRxqKzte-Svd4=&xsec_source=,安寶在日本尋山 2025-09-24,https://www.rednote.com/user/profile/651df0f30000000023027247?channel_type=web_search_result_notes&parent_page_channel_type=web_profile_board&xsec_token=ABAaq9WzreftiVUrisX6eU7AxEmtjvBy5Y1O6vddUuEcc=&xsec_source=pc_search,ordinary,0,0
6a2e27bf000000001603d7b5,福井｜古迹永平寺 坐禅体验,https://www.rednote.com/search_result/6a2e27bf000000001603d7b5?xsec_token=ABEFdOE7gxhRC5jugxVwLdFknkZhrJnTxO3VbWtaPudpo=&xsec_source=,不可能中暑 1天前,https://www.rednote.com/user/profile/5b053334f7e8b932e241a04b?channel_type=web_search_result_notes&parent_page_channel_type=web_profile_board&xsec_token=ABT3tL36b9qQ_uwOoauaIbL9TOD-BTMIxGz6HGxGH2R24=&xsec_source=pc_search,travel,0,2
68e5da3f0000000005032d65,自杀胜地东寻坊,https://www.rednote.com/search_result/68e5da3f0000000005032d65?xsec_token=ABLRCoW4FQBb81114g7PjdRocHFZjMXZT2mIoe7w32vp0=&xsec_source=,LLB🐨 2025-10-08,https://www.rednote.com/user/profile/556024abf5a2636d062f28a7?channel_type=web_search_result_notes&parent_page_channel_type=web_profile_board&xsec_token=AB8VslViFPcOpX4QcrSHEdNE0LuPo0Sts8-CGGKjclSts=&xsec_source=pc_search,travel,0,1
66473d9b0000000005007744,🚙 Plog｜福井·越前大佛🪷,https://www.rednote.com/search_result/66473d9b0000000005007744?xsec_token=ABEFaF-wfHz6vgZTwWXk4c41nMawSUyK4pHsccaqLWwSU=&xsec_source=,Mr.白T 2024-05-18,https://www.rednote.com/user/profile/5a5b2767e8ac2b79fdc69500?channel_type=web_search_result_notes&parent_page_channel_type=web_profile_board&xsec_token=ABhBCETLMltguhg8YQ7R2i3Cna0qauvSGJUEhMGPT_HQA=&xsec_source=pc_search,ordinary,0,0
664d7a270000000005006342,寻访陶乡|越前烧,https://www.rednote.com/search_result/664d7a270000000005006342?xsec_token=ABp4MdAufK0UuWcDXE7viK_yl2_IuAJ72CbJukwvTsbmo=&xsec_source=,未闻茶铭 2024-05-22,https://www.rednote.com/user/profile/5fd0e9f80000000001007fc1?channel_type=web_search_result_notes&parent_page_channel_type=web_profile_board&xsec_token=ABtcczKC6zgJQcXYghHi2GGvDFbjtwOhS7prI5pmjYT3I=&xsec_source=pc_search,ordinary,0,0
68bece63000000001d02b98b,fujifilm｜从京都到福井看第一古道场,https://www.rednote.com/search_result/68bece63000000001d02b98b?xsec_token=AB6Wt43g7G74dYUEIDA9jtvdzRY360I2Yunf8bqzTTLTY=&xsec_source=,赵四肆 2025-09-08,https://www.rednote.com/user/profile/6016ad4d0000000001000a69?channel_type=web_search_result_notes&parent_page_channel_type=web_profile_board&xsec_token=ABgYI9x85eCgVzNHAymewLlnnL0uwASRRJ4ltu54XEPD0=&xsec_source=pc_search,travel,0,1
67a9c5ba000000001801035f,日本｜茨城小众一日游｜关东小京都,https://www.rednote.com/search_result/67a9c5ba000000001801035f?xsec_token=ABY7URCi5uT5xiZclK0X8w5M7alz3MSKHAYhpwxdK1I2s=&xsec_source=,kiyuko 2025-02-10,https://www.rednote.com/user/profile/5a9a4bba4eacab47c3680feb?channel_type=web_search_result_notes&parent_page_channel_type=web_profile_board&xsec_token=AByxWYezYuE_ua1arnpVGk7w3xgrpp3-DuoNWOHxazKbo=&xsec_source=pc_search,travel,0,3
67ea517f000000001c03ebbc,东寻坊 一个让人感到幸福的地方,https://www.rednote.com/search_result/67ea517f000000001c03ebbc?xsec_token=ABzQ6Jenivlx3Q6Gnva1N6-EJKGbf7XRXnTzG0OyNS7rw=&xsec_source=,仙屿卡司 2025-03-31,https://www.rednote.com/user/profile/5c8c70010000000011009330?channel_type=web_search_result_notes&parent_page_channel_type=web_profile_board&xsec_token=ABbeyHi42i5sxQHYTM5PC_Y5VCdIMLdoOnxh04lS_x0Zk=&xsec_source=pc_search,travel,0,1
69352da4000000000d00e0be,🌊 福井 越前海岸｜弁慶の洗濯岩,https://www.rednote.com/search_result/69352da4000000000d00e0be?xsec_token=ABoNGITQgp0Qhfh73Ti3W8m_GA5IMWjy0csd091BHhD74=&xsec_source=,东京小柯基 2025-12-07,https://www.rednote.com/user/profile/5afbf8f4e8ac2b6886bc3d98?channel_type=web_search_result_notes&parent_page_channel_type=web_profile_board&xsec_token=ABIKLbOLQjSppQEnyVNXEYwRf758DYVYfh-KPxv14tHL0=&xsec_source=pc_search,ordinary,0,0
68e49eb900000000070142e1,东寻坊 断崖绝峭,https://www.rednote.com/search_result/68e49eb900000000070142e1?xsec_token=AB5permghzFqcjtlnmw6mr89u_YLuNJxPWT4B35KgUl3o=&xsec_source=,Apollo14C 2025-10-07,https://www.rednote.com/user/profile/5dc8ff36000000000100075f?channel_type=web_search_result_notes&parent_page_channel_type=web_profile_board&xsec_token=ABynS0nFKhrF9CblK0cru3hHcnqeRaPv8Z5kwi3n_oAaA=&xsec_source=pc_search,travel,0,1
69c88bb60000000021005ebc,低调的福井小城却藏着日本最强工艺｜鯖江,https://www.rednote.com/search_result/69c88bb60000000021005ebc?xsec_token=ABqQGacHI3ygpO-A3D0e-hfRZfT-3ox2wUXfONLih4gaA=&xsec_source=,老宋CHANNEL 03-29,https://www.rednote.com/user/profile/6034a27a000000000101ca1a?channel_type=web_search_result_notes&parent_page_channel_type=web_profile_board&xsec_token=ABqMRLuh7v8OZCu-CvmuRlBwkyVeUUHS6UPfquM2eOXRY=&xsec_source=pc_search,ordinary,0,0
69f362000000000035022393,京都6天0预约可以吃什么,https://www.rednote.com/search_result/69f362000000000035022393?xsec_token=ABQGpPwP5XTJyKAuwIUiHPz2mpl9YvZpiSjHLVf262O9E=&xsec_source=,蓬松的蛋糕 04-30,https://www.rednote.com/user/profile/5a7f11544eacab60f8e2ca5f?channel_type=web_search_result_notes&parent_page_channel_type=web_profile_board&xsec_token=AB18LR-pHY6Lic3We9nhO7Iz9k0VGJUHJxUlod4Yeuses=&xsec_source=pc_search,travel,0,1
66152143000000001b011592,日本景点｜北陆地区最著名景点之一—永平寺,https://www.rednote.com/search_result/66152143000000001b011592?xsec_token=ABZojfbcxbpVGwOzuTk6GCfqirRzpxH50XzGdMlMANX0c=&xsec_source=,日本小哥哥99 2024-04-28,https://www.rednote.com/user/profile/62ea96b4000000001f004661?channel_type=web_search_result_notes&parent_page_channel_type=web_profile_board&xsec_token=ABZCed_KnHjFWPm3fyxDbxSXtP5nmOs2YhaaHaUVjmMQI=&xsec_source=pc_search,travel,0,3
69f979e90000000023006ab0,去找你的那一天是好天气,https://www.rednote.com/search_result/69f979e90000000023006ab0?xsec_token=AB4iKcuW3KtwZhRNUcRBcRu3DTPesDuIjJN1K1tR6jh94=&xsec_source=,無名氏 05-05,https://www.rednote.com/user/profile/653719710000000006007f84?channel_type=web_search_result_notes&parent_page_channel_type=web_profile_board&xsec_token=ABg0FHB8SHPjqgYTJEKJDCdWQQCsmTDtJ-rUlOV00K0e0=&xsec_source=pc_search,ordinary,0,0
6832f3ed000000000f039b7d,天公不作美，但还是对福井印象很好,https://www.rednote.com/search_result/6832f3ed000000000f039b7d?xsec_token=ABYQR4X9vYydDfG2ISyqOkLHNCdiC31csBObKu42os7o8=&xsec_source=,刘桑 2025-05-25,https://www.rednote.com/user/profile/5ff4216e00000000010038c0?channel_type=web_search_result_notes&parent_page_channel_type=web_profile_board&xsec_token=ABnDdEQTsAyNGrcUhsNb4M2K4dleDT7GIMeknP8B8kY48=&xsec_source=pc_search,ordinary,0,0
68183917000000002101b9e2,糟糕！在金泽不小心住到日式独栋豪宅民宿🎋,https://www.rednote.com/search_result/68183917000000002101b9e2?xsec_token=ABZrRsfY_vhsWf5CWxIpV08z_9tdjrUUMMEeO27YyFb1M=&xsec_source=,Ari雅雅 2025-05-06,https://www.rednote.com/user/profile/5a20500b4eacab2c4c41dc93?channel_type=web_search_result_notes&parent_page_channel_type=web_profile_board&xsec_token=ABWMrYJhSkKiJixbVQrstAUAiPlY3kjrpbG4MRbuHE0AQ=&xsec_source=pc_search,travel,0,1
68f797290000000007003588,推荐一家gili T的Villa,https://www.rednote.com/search_result/68f797290000000007003588?xsec_token=ABER5TlgQoGZsSfsNiXCyL1VUWuvFx0liOac7ybRulevo=&xsec_source=,薄荷呀 2025-10-21,https://www.rednote.com/user/profile/5b6f17bf65e8cd0001c86604?channel_type=web_search_result_notes&parent_page_channel_type=web_profile_board&xsec_token=ABF1W1Rv8VcjbX3vFLpTpm8ZgdqPe70hJNPN0OUpxyKUM=&xsec_source=pc_search,travel,0,1
69dcdd96000000002301f4f9,🇯🇵在日本租到超满意的民宿！,https://www.rednote.com/search_result/69dcdd96000000002301f4f9?xsec_token=ABD4z9F7uuMKS4kj8bn55y6b0f62f2VIOK24H7IUDyfoE=&xsec_source=,Grace 04-13,https://www.rednote.com/user/profile/5c67e02b000000001100ec14?channel_type=web_search_result_notes&parent_page_channel_type=web_profile_board&xsec_token=ABOuwRBL2GUEA8xQZyXmKBVYZvyMSoWHe1jgn_cQWlsV4=&xsec_source=pc_search,travel,0,1
66377ab6000000001e02e377,在伊豆住到了超小众的日式温泉旅馆,https://www.rednote.com/search_result/66377ab6000000001e02e377?xsec_token=AB1IWj1OMbfLyA-rxO1AhhFBFV-mNPg1gS21uEgg1K62M=&xsec_source=,-JWKKKKK- 2024-05-05,https://www.rednote.com/user/profile/592eb2aa50c4b4651fccb5fd?channel_type=web_search_result_notes&parent_page_channel_type=web_profile_board&xsec_token=ABLnN1YqtGJB4fQ5aT6pZxTz24-weBmDIG_LBH9MmzVVk=&xsec_source=pc_search,travel,0,1
69be698a000000001f00722a,入住80年古宅是什么样感觉 ｜ 热海民宿,https://www.rednote.com/search_result/69be698a000000001f00722a?xsec_token=ABy4SHHpIoxtLhUsoz15KgL3y-dHShaJL5narEHhOCK5k=&xsec_source=,PANTHEDRIVER 03-21,https://www.rednote.com/user/profile/6151954f0000000002025ec5?channel_type=web_search_result_notes&parent_page_channel_type=web_profile_board&xsec_token=ABuob4DYnxwaS9SmTOXXIyuNhiqmhXCa4amCXLITh79M8=&xsec_source=pc_search,travel,0,1
68e2b33f0000000007034587,唐津｜海边的温泉旅馆♨️,https://www.rednote.com/search_result/68e2b33f0000000007034587?xsec_token=ABhMWiqRCNy_vF4kgd_1j63pxyCB0gUy5hHYQ9kw56paM=&xsec_source=,molookoo 2025-10-06,https://www.rednote.com/user/profile/58a2405482ec395f549a7e96?channel_type=web_search_result_notes&parent_page_channel_type=web_profile_board&xsec_token=ABPpqgV7_EmvGSD1Xe-JH2v0QBGreyd0Y_1cAAKFaCSkY=&xsec_source=pc_search,ordinary,0,0
670b90ee000000001600d7ea,伊豆人生别墅｜以为我在南法度假！！🍬🥂💙,https://www.rednote.com/search_result/670b90ee000000001600d7ea?xsec_token=ABULZnlE4NBMBcj98BlwMUCHVZM-2yZNUzLW70JDUEHkE=&xsec_source=,汪噜噜 2024-10-13,https://www.rednote.com/user/profile/5a919bfa4eacab28602a1138?channel_type=web_search_result_notes&parent_page_channel_type=web_profile_board&xsec_token=ABqosQIKlgCpXY7zFm2DGi8FnDa3kYuqHdJGyJu5eCOkE=&xsec_source=pc_search,ordinary,0,0
67b97e160000000029016bbf,在小滨泡到了人生温泉♨️,https://www.rednote.com/search_result/67b97e160000000029016bbf?xsec_token=ABItG_W-tvFwo6W7DQogfwUgkuJiOpoUJ02_ApVjeLje4=&xsec_source=,一只憨咩 2025-02-22,https://www.rednote.com/user/profile/5b4ffb4c6b58b762e18f1a94?channel_type=web_search_result_notes&parent_page_channel_type=web_profile_board&xsec_token=ABGaMCUC2Gmldo6Jam5JdrWJt7Ic8Ur3J47MD7Q6nukw4=&xsec_source=pc_search,ordinary,0,0
68af23c9000000001d02a902,Arin的旅行vlog,https://www.rednote.com/search_result/68af23c9000000001d02a902?xsec_token=ABIuWebrEKIkIlCzcYO1_ZeZ8MU32vpcxADsdozKtGA44=&xsec_source=,Eira 2025-08-28,https://www.rednote.com/user/profile/68977e5c000000002801d182?channel_type=web_search_result_notes&parent_page_channel_type=web_profile_board&xsec_token=ABi_yXBRqFYYJ-mrp3dTLSwSQz_KmovXUDsc8z6h-qr_g=&xsec_source=pc_search,travel,0,1
689863e70000000003030c14,过了日漫里的的夏天,https://www.rednote.com/search_result/689863e70000000003030c14?xsec_token=ABriJdc7ZkORLrq5f6OfPASdJZFe5HiSRghaFjbfEqIKQ=&xsec_source=,yigenanaya 2025-08-10,https://www.rednote.com/user/profile/559dda8ce4b1cf4b8c9350a1?channel_type=web_search_result_notes&parent_page_channel_type=web_profile_board&xsec_token=AB1XImlhxnnAifVTx-xJrlzjJrXwo0vqClXIVU20tybx8=&xsec_source=pc_search,ordinary,0,0
682ca67800000000120053ae,箱根丨梦幻酒店Fujiya hotel,https://www.rednote.com/search_result/682ca67800000000120053ae?xsec_token=AB9zwA65l_-SLK74OSGeGTDokwjmOg8i97g8ZGSpWU_0I=&xsec_source=,午夜飞行中🥠 2025-05-20,https://www.rednote.com/user/profile/671b8c18000000001d03038a?channel_type=web_search_result_notes&parent_page_channel_type=web_profile_board&xsec_token=AB_0DTjVQTvodwumnbgoYGPQOwARazUJ5h7ViqKQ_MxeU=&xsec_source=pc_search,travel,0,1
6774a2d6000000001301b714,Kiama绝美民宿 - 拥有了一片山和海⛰️🌊,https://www.rednote.com/search_result/6774a2d6000000001301b714?xsec_token=ABbOtYNCNN0U8H51n4NaR_dfi1bzO4pvy7BwGLgKNgWiM=&xsec_source=,小柴O🍐 2025-01-14,https://www.rednote.com/user/profile/6031f2ea0000000001002985?channel_type=web_search_result_notes&parent_page_channel_type=web_profile_board&xsec_token=ABg7_-hkTcKT2fmcmsLorL9rbJF_Umwqll2RaocoS_US0=&xsec_source=pc_search,travel,0,1
68891460000000002501c45b,藏在伊豆山林间的千年温泉秘境｜東府や,https://www.rednote.com/search_result/68891460000000002501c45b?xsec_token=ABd_YNCcgGILCS6A02ThnNOTAAtzUj7EE-FlbMvpk0jnc=&xsec_source=,Pikku Myy 2025-08-02,https://www.rednote.com/user/profile/57e78385bd0da543e3566106?channel_type=web_search_result_notes&parent_page_channel_type=web_profile_board&xsec_token=AByrnzKx6pWt3T71hwwu4rsjyOPQtUdHZth-mbeujcQOQ=&xsec_source=pc_search,ordinary,0,0
69eb4dd6000000001b020bd5,villa🏝️,https://www.rednote.com/search_result/69eb4dd6000000001b020bd5?xsec_token=ABkqaRNQlEsC5egLyQNieKnVeudpU6Ftnfq1y_M9Xo5N8=&xsec_source=,谁也别管我 04-24,https://www.rednote.com/user/profile/6057167d0000000001004dde?channel_type=web_search_result_notes&parent_page_channel_type=web_profile_board&xsec_token=ABmiqdUKy-8MFhQ8YAJwwxyTvvcbb5o_WhKtSadveNVx4=&xsec_source=pc_search,ordinary,0,0
6826b8ab000000001101c6cb,🇯🇵和朋友们BBQ在海边租大House啦！,https://www.rednote.com/search_result/6826b8ab000000001101c6cb?xsec_token=AB7R9TJIE5BjVlwdWje6lVSLrziTAqloPg1tWHj-T2n3A=&xsec_source=,狗咪🍯 2025-05-26,https://www.rednote.com/user/profile/5403b6bdb4c4d61f89599109?channel_type=web_search_result_notes&parent_page_channel_type=web_profile_board&xsec_token=AB1sLy2SBCxAp3kkkgtv-d1wW4KoYjfhiH7nafYZKnnDQ=&xsec_source=pc_search,ordinary,0,0
6835544b00000000210186b8,花三百享受伊豆的蓝调时刻！？,https://www.rednote.com/search_result/6835544b00000000210186b8?xsec_token=ABFtbA2DjU5NLwqZ-EcXk6LGruxP2rDTySDa8eOaB9nk4=&xsec_source=,肆亦 2025-05-27,https://www.rednote.com/user/profile/66f942a5000000001d0230ed?channel_type=web_search_result_notes&parent_page_channel_type=web_profile_board&xsec_token=ABJS2VAvBjOu6vyLAW6zx1z1eh3tYxVKeLskEcZH2MDh0=&xsec_source=pc_search,ordinary,0,0
678a6466000000001b0099d7,在🇯🇵望洋楼吃到了人生蟹宴,https://www.rednote.com/search_result/678a6466000000001b0099d7?xsec_token=ABbb6rHOaoNa7uWTVBkXaKKOA2QAplcq0k7Wum8JuAdL0=&xsec_source=,HowToDressWell 2025-01-17,https://www.rednote.com/user/profile/56f8031b4775a75c0b86b78f?channel_type=web_search_result_notes&parent_page_channel_type=web_profile_board&xsec_token=ABOQPN9ucKhoysSlBfYrINs3sDw69Vft0KgONf4JmbsXE=&xsec_source=pc_search,ordinary,0,0
6925abc0000000001e02944f,🇯🇵福井一日游,https://www.rednote.com/search_result/6925abc0000000001e02944f?xsec_token=ABf7c8zxS2SE8NkWKm8x0wCVzxjLT8XKU6JUBQb_Own4s=&xsec_source=,marionette 2025-11-25,https://www.rednote.com/user/profile/54e56e6d2e1d934127a1147b?channel_type=web_search_result_notes&parent_page_channel_type=web_profile_board&xsec_token=ABFVhBDiRk2H-5gwqy2dwhfXXkKm5devLAVMJASlBp70Y=&xsec_source=pc_search,travel,0,1
697ddfab000000000b008f55,在福井吃到超实惠越前蟹！蟹中顶流安排上！,https://www.rednote.com/search_result/697ddfab000000000b008f55?xsec_token=ABJYY6I5LwTuhy9IJmpI0Uy1NCnmXeRx3TGwNm8rJ8vcg=&xsec_source=,京都美猴王 01-31,https://www.rednote.com/user/profile/5e247daa0000000001006136?channel_type=web_search_result_notes&parent_page_channel_type=web_profile_board&xsec_token=AB9KECfZtNX2MerU-2PvlYHcCvpvSj5bkeE4msDT_sZpE=&xsec_source=pc_search,ordinary,0,0
65e853580000000003033ba0,福井🇯🇵｜冬季来日本海实现越前蟹自由🦀️,https://www.rednote.com/search_result/65e853580000000003033ba0?xsec_token=ABTieGQZ9VOdotG8R8BmPbuLHP3RwIj4FYEmZuAqSkb-Q=&xsec_source=,童🐷猪 2024-03-25,https://www.rednote.com/user/profile/593b3baf82ec392bdb9453c0?channel_type=web_search_result_notes&parent_page_channel_type=web_profile_board&xsec_token=ABDXu43KybbnvBo6L-p3cnBl1aZvlT60plgVf6cY2clEE=&xsec_source=pc_search,travel,0,1
688cabd90000000025023860,🇯🇵福井|可能是敦贺评分最高的居酒屋,https://www.rednote.com/search_result/688cabd90000000025023860?xsec_token=ABbf20tCY43QUORUNAXwXPx8piH2-c8Cz6TEjepRu1gPg=&xsec_source=,酒酿桃子 2025-08-01,https://www.rednote.com/user/profile/543c7c38d6e4a951465d5ddf?channel_type=web_search_result_notes&parent_page_channel_type=web_profile_board&xsec_token=AB8NqUWDEfiXwgZ3I3ZGrrctbY7JKlunt5WF1tDACrQy8=&xsec_source=pc_search,ordinary,0,0
68be81dd000000001d001f45,福井 越前‖ 开车1小时值得来吃的新鲜螃蟹,https://www.rednote.com/search_result/68be81dd000000001d001f45?xsec_token=AB6Wt43g7G74dYUEIDA9jtvW7eNxFgGQq_f6dU7dk3BSw=&xsec_source=,特特特特里 2025-09-08,https://www.rednote.com/user/profile/65afc205000000001302a337?channel_type=web_search_result_notes&parent_page_channel_type=web_profile_board&xsec_token=ABZlsI3k4OXL_mzW4JXUq-_iCcDKLZ2LIcOhD_iCSiArQ=&xsec_source=pc_search,ordinary,0,0
67dfd508000000001a004bf6,赶在三月吃到越前蟹了🦀！,https://www.rednote.com/search_result/67dfd508000000001a004bf6?xsec_token=ABL2HrKU2tZDovz9GlG8k22F2teZkbGgKANvhIWUj8k18=&xsec_source=,Bladiiie 2025-06-18,https://www.rednote.com/user/profile/54e4b6e3b4c4d65b77a877b0?channel_type=web_search_result_notes&parent_page_channel_type=web_profile_board&xsec_token=ABClbz_Wn5c-ei2kKJPtiuSVn4DIGeSQNTihWekRd5pFM=&xsec_source=pc_search,ordinary,0,0
69d0a2ed000000001a026779,福井美食—越前魚問屋 蟹ヱ門,https://www.rednote.com/search_result/69d0a2ed000000001a026779?xsec_token=ABjRtOef3iW75k_Atv0diYH9Z5qeHwpMaRE8X007U40SA=&xsec_source=,Hannah D 04-04,https://www.rednote.com/user/profile/5b554477f7e8b93b1e2aae70?channel_type=web_search_result_notes&parent_page_channel_type=web_profile_board&xsec_token=ABtydSTRk_p2KJaYnBb_JMKRpRryQJZVZYIActT0kagW0=&xsec_source=pc_search,travel,0,1
695e497c000000000d00b5a4,🦀越前蟹：忍住钱包的痛，吃到味蕾的梦,https://www.rednote.com/search_result/695e497c000000000d00b5a4?xsec_token=AB0o3eao1PqjRjoMWVgxt7yl_ZsZ8_jhGKvmTEwhwug8w=&xsec_source=,O姐看心情分享 01-07,https://www.rednote.com/user/profile/54e5d0b0e779890c55ac3aab?channel_type=web_search_result_notes&parent_page_channel_type=web_profile_board&xsec_token=ABqu9XjUKxCZO3guCwm_C3Gyw-NftOrVtxm-mPus_5zM4=&xsec_source=pc_search,ordinary,0,0
6a264e8c000000001702c12a,日本最“阴间”小城🌙为了吃蟹我忍了👹,https://www.rednote.com/search_result/6a264e8c000000001702c12a?xsec_token=ABpXW1WcKqhuijtBdMZT6hYjwLWyxwzDXwQYs2wcvPjrE=&xsec_source=,Insipid伍Sir 06-08,https://www.rednote.com/user/profile/599cc3f650c4b4496d849854?channel_type=web_search_result_notes&parent_page_channel_type=web_profile_board&xsec_token=ABOdgd5xEbMFn0_nVRq-g-RgjVQ_lKfDgXKygHWnCuZq4=&xsec_source=pc_search,ordinary,0,0
68bbb50a000000001d000b92,东寻坊，就这？,https://www.rednote.com/search_result/68bbb50a000000001d000b92?xsec_token=ABcVqEyFyV9bv-Ryc2kCKhH8LIUvL4pSD2D7nzkvLxom8=&xsec_source=,天线得得宝 2025-09-06,https://www.rednote.com/user/profile/597340f56a6a69364bef0602?channel_type=web_search_result_notes&parent_page_channel_type=web_profile_board&xsec_token=ABMw2eblE-jX8b_ngpp9GSbBwFyhEA7cMgbMgyvxWI_Dk=&xsec_source=pc_search,travel,0,1
68edde07000000000700c7a6,京都出发｜之于宁波天童寺的永平寺,https://www.rednote.com/search_result/68edde07000000000700c7a6?xsec_token=ABY-H2b-B5Qhmh_NKm-0K5CdZkYWV8ZVuiSlotNRiDCV8=&xsec_source=,J调de华丽🌈 2025-10-14,https://www.rednote.com/user/profile/5965cbfe82ec3935ec0d5b23?channel_type=web_search_result_notes&parent_page_channel_type=web_profile_board&xsec_token=ABnrcAAG9u7o9lKvqDvjKk-R87P0zgYHPATXgjhk4bM08=&xsec_source=pc_search,travel,0,3
68c6c1d4000000001d008ac0,福井县 東尋坊& 永平寺一日游,https://www.rednote.com/search_result/68c6c1d4000000001d008ac0?xsec_token=ABsXzC0XhW2sNCORozz-dvb70ZUG1Jh-HiUN_Xx0noBrM=&xsec_source=,一只小懒猫^o^ 2025-09-14,https://www.rednote.com/user/profile/5c755b45000000001002214f?channel_type=web_search_result_notes&parent_page_channel_type=web_profile_board&xsec_token=ABtpsXReg_hnFkUB33XH36NTRfKZ55EeN6fPfWeSkHkiI=&xsec_source=pc_search,travel,0,2
69353f32000000000d034808,🌊 东寻坊｜日本海边最有“力量感”的地方,https://www.rednote.com/search_result/69353f32000000000d034808?xsec_token=ABoNGITQgp0Qhfh73Ti3W8mxXXq0Gh-APHlFiLJdwYit0=&xsec_source=,东京小柯基 2025-12-07,https://www.rednote.com/user/profile/5afbf8f4e8ac2b6886bc3d98?channel_type=web_search_result_notes&parent_page_channel_type=web_profile_board&xsec_token=ABIKLbOLQjSppQEnyVNXEYwRf758DYVYfh-KPxv14tHL0=&xsec_source=pc_search,travel,0,1
67698cfc000000000900e130,深山藏古寺｜永平寺,https://www.rednote.com/search_result/67698cfc000000000900e130?xsec_token=ABroIC-DVDq4jPYcOf9YdLkbShzOwAzIM4KmYNSCZjmRw=&xsec_source=,如蘇如酥 2025-01-30,https://www.rednote.com/user/profile/5bcf39696b58b7451df16783?channel_type=web_search_result_notes&parent_page_channel_type=web_profile_board&xsec_token=ABeBtfZem1cHLeBhm4B2MzW8wB97BFJYQxOPdwo2YR2DA=&xsec_source=pc_search,travel,0,1
675153f8000000000702bfc4,招财猫故乡1日游🇯🇵日本陶器之乡：常滑,https://www.rednote.com/search_result/675153f8000000000702bfc4?xsec_token=ABafTGE0ThCX_Rsj6ZQlq_g5kzuC5d0vaIrw3yIkSsuF8=&xsec_source=,淞淞在东京 2024-12-05,https://www.rednote.com/user/profile/6327f68a000000002303a206?channel_type=web_search_result_notes&parent_page_channel_type=web_profile_board&xsec_token=ABBJkq4VozY9DHO2vJ3NBhMvdqlBI3fi9aTO804-0DKeQ=&xsec_source=pc_search,ordinary,0,0
67c0459d000000000b014e69,日本的天童寺，曹洞宗大本山永平寺,https://www.rednote.com/search_result/67c0459d000000000b014e69?xsec_token=ABcr2O0kaigk0K-1NH66J3dTy5hpZzQ1Ba14op7Hz1lr4=&xsec_source=,贾非 2025-02-27,https://www.rednote.com/user/profile/60ababa2000000000101e935?channel_type=web_search_result_notes&parent_page_channel_type=web_profile_board&xsec_token=AB4ljvGdN6-XkcwNTlJhGg5uCWYp-6BkNNHAFh8V8Ttn4=&xsec_source=pc_search,travel,0,1
69a03cd7000000002800b590,永平寺｜乔布斯也想来禅修的隐世道场,https://www.rednote.com/search_result/69a03cd7000000002800b590?xsec_token=ABAJkuKTkLPyapvnc5Bg9h8S_yL9jIPYqF7w30h2yd5q4=&xsec_source=,MIYURI 02-26,https://www.rednote.com/user/profile/55273cd32e1d936ec9bf00ac?channel_type=web_search_result_notes&parent_page_channel_type=web_profile_board&xsec_token=ABo417oMi9-EtGUoDVKYP8h727u7brf08tu_k0daRfx4k=&xsec_source=pc_search,travel,0,1
6948903d000000001d03e76d,日本｜福井永平寺·深山一天禅修的日子,https://www.rednote.com/search_result/6948903d000000001d03e76d?xsec_token=ABAKtxX8-QyjWqg7BUHZiJfSRf8Xh23JQ0tjEVNh7LCw0=&xsec_source=,李红旗Seb 2025-12-22,https://www.rednote.com/user/profile/5ca8a979000000001100bcfb?channel_type=web_search_result_notes&parent_page_channel_type=web_profile_board&xsec_token=ABbyx9oIV0qKxl5JBfAohHGM-4Xkly7yfpA3ofYMKQ1TM=&xsec_source=pc_search,travel,0,1
6970ea26000000002103369d,乔布斯“禅修朝圣地”日本深山里的苹果灵感,https://www.rednote.com/search_result/6970ea26000000002103369d?xsec_token=ABUmOujMybOPukOI1_ffr1jlbTjG_YgWIcirO7tEmgIkI=&xsec_source=,Xuan Yu Shi 01-21,https://www.rednote.com/user/profile/61deb9c90000000021025657?channel_type=web_search_result_notes&parent_page_channel_type=web_profile_board&xsec_token=ABjiSgcNbjOkoteer22jCvLiz5a40vZNMiDPKCTohPmoo=&xsec_source=pc_search,fan,1,0
67c557bd000000002902b3fc,福井旅行｜超脱尘世永平寺,https://www.rednote.com/search_result/67c557bd000000002902b3fc?xsec_token=ABEltS9GnmZo96ybiutGtJ2rS9jERJ9HJsNizVpUAwCjs=&xsec_source=,徐小白视线备忘录 2025-03-06,https://www.rednote.com/user/profile/572b4e13aed7585e7389a2a7?channel_type=web_search_result_notes&parent_page_channel_type=web_profile_board&xsec_token=ABA0Gkq_BOYqKqlHV2h7XOR7y0gHRVs4vfgAlJJceusmY=&xsec_source=pc_search,travel,0,1
